date, pm25, pm10, o3, no2, so2, co
2020/12/1, 39, 17, 18, 13, , 
2020/12/2, 33, 1, 24, 9, , 
2020/12/3, 5, 9, 24, 8, , 
2020/12/4, 44, 9, 19, 6, , 
2020/12/5, 41, 9, 15, 4, , 
2020/12/6, 38, 28, 3, 15, , 
2020/12/7, 83, 26, 4, 15, , 
2020/12/8, 67, 29, 11, 14, , 
2020/12/9, 79, 15, 11, 9, , 
2020/12/10, 44, 10, 16, 13, , 
2020/12/11, 33, 13, 16, 9, , 
2020/12/12, 32, 11, 17, 7, , 
2020/12/13, 35, 11, 15, 11, , 
2020/12/14, 32, 12, 14, 14, , 
2020/12/15, 32, 12, 10, 12, , 
2020/12/16, 43, 15, 11, 14, , 
2020/12/17, 42, 16, 10, 14, , 
2020/12/18, 44, 12, 13, 10, , 
2020/12/19, 43, 16, 19, 7, , 
2020/12/20, 36, 7, 16, 8, , 
2020/12/21, 31, 6, 18, 7, , 
2020/12/22, 18, 10, 25, 7, , 
2020/12/23, 26, 8, 25, 6, , 
2020/12/24, 23, 8, 23, 4, , 
2020/12/25, 26, , , , , 
2020/11/1, 8, 9, 24, 4, , 
2020/11/2, 17, 20, 20, 14, , 
2020/11/3, 34, 22, 14, 22, 1, 
2020/11/4, 54, 21, 17, 12, 1, 
2020/11/5, 50, 20, 10, 10, 1, 
2020/11/6, 53, 22, 11, 11, , 
2020/11/7, 63, 16, 15, 9, , 
2020/11/8, 46, 21, 11, 15, , 
2020/11/9, 49, 17, 14, 16, , 
2020/11/10, 45, 12, 10, 8, , 
2020/11/11, 37, 18, 21, 13, , 
2020/11/12, 36, 18, 11, 12, , 
2020/11/13, 48, 16, 22, 6, , 
2020/11/14, 40, 12, 28, 2, , 
2020/11/15, 30, 19, 24, 9, , 
2020/11/16, 32, 19, 18, 13, , 
2020/11/17, 34, 18, 14, 12, , 
2020/11/18, 42, 16, 23, 7, , 
2020/11/19, 29, 23, 13, 19, 1, 
2020/11/20, 49, 24, 17, 14, , 
2020/11/21, 63, 26, 10, 15, , 
2020/11/22, 77, 28, 8, 19, , 
2020/11/23, 69, 25, 4, 15, , 
2020/11/24, 69, 32, 10, 17, , 
2020/11/25, 74, 46, 3, 25, , 
2020/11/26, 102, 43, 2, 19, , 
2020/11/27, 99, 30, 5, 15, , 
2020/11/28, 83, 19, 9, 11, , 
2020/11/29, 64, 31, 7, 12, , 
2020/11/30, 82, 19, 17, 10, , 
2020/10/1, 25, 8, 17, 11, , 
2020/10/2, 19, 8, 21, 7, , 
2020/10/3, 19, 9, 23, 2, , 
2020/10/4, 21, 7, 22, 7, , 
2020/10/5, 16, 10, 22, 6, , 
2020/10/6, 19, 14, 20, 7, , 
2020/10/7, 21, 13, 18, 7, , 
2020/10/8, 23, 11, 19, 10, , 
2020/10/9, 27, 11, 25, 6, , 
2020/10/10, 22, 8, 19, 5, , 
2020/10/11, 21, 13, 17, 13, , 
2020/10/12, 30, 10, 15, 9, , 
2020/10/13, 26, 14, 18, 11, , 
2020/10/14, 41, 16, 15, 11, 1, 
2020/10/15, 40, 18, 14, 12, 1, 
2020/10/16, 47, 24, 12, 13, 1, 
2020/10/17, 63, 25, 22, 17, 1, 
2020/10/18, 66, 24, 22, 13, , 
2020/10/19, 63, 13, 18, 12, , 
2020/10/20, 34, 15, 28, 6, , 
2020/10/21, 29, 16, 18, 8, , 
2020/10/22, 26, 13, 22, 9, , 
2020/10/23, 26, 8, 22, 3, , 
2020/10/24, 16, 6, 22, 4, , 
2020/10/25, 16, 13, 22, 8, , 
2020/10/26, 21, 9, 17, 7, , 
2020/10/27, 21, 14, 22, 7, , 
2020/10/28, 23, 12, 19, 11, , 
2020/10/29, 28, 13, 18, 10, , 
2020/10/30, 26, 12, 23, 6, , 
2020/10/31, 26, 4, 25, 2, , 
2020/9/1, 31, 18, 39, 13, , 
2020/9/2, 34, 18, 34, 16, , 
2020/9/3, 29, 16, 42, 13, , 
2020/9/4, 22, 12, 29, 4, 1, 
2020/9/5, 25, 13, 25, 7, 1, 
2020/9/6, 26, 14, 28, 12, , 
2020/9/7, 30, , 27, 15, , 
2020/9/9, 22, 24, 19, 10, , 
2020/9/10, 26, 23, 27, 15, , 
2020/9/11, 39, 18, 34, 7, , 
2020/9/12, 36, 18, 43, 12, , 
2020/9/13, 30, 28, 48, 25, , 
2020/9/14, 44, 33, 51, 26, , 
2020/9/15, 53, 37, 62, 21, , 
2020/9/16, 59, 30, 33, 6, , 
2020/9/17, 43, 29, 40, 9, , 
2020/9/18, 45, 23, 38, 8, , 
2020/9/19, 48, 18, 36, 12, , 
2020/9/20, 45, 29, 43, 17, 1, 
2020/9/21, 51, 32, 44, 17, 1, 
2020/9/22, 56, 14, 25, 7, 1, 
2020/9/23, 26, 9, 20, 8, , 
2020/9/24, 18, 11, 24, 6, , 
2020/9/25, 23, 12, 25, 3, , 
2020/9/26, 19, 9, 22, 3, , 
2020/9/27, 20, 10, 16, 9, , 
2020/9/28, 20, 13, 10, 15, , 
2020/9/29, 25, 13, 24, 12, , 
2020/9/30, 26, 11, 23, 9, , 
2020/8/1, 29, 10, 31, 2, , 
2020/8/2, 23, 11, 29, 5, , 
2020/8/3, 19, 16, 41, 6, , 
2020/8/4, 26, 22, 45, 15, 1, 
2020/8/5, 32, 29, 66, 20, , 
2020/8/6, 45, 22, 54, 10, , 
2020/8/7, 33, 22, 72, 15, , 
2020/8/8, 42, 28, 62, 7, , 
2020/8/9, 52, 18, 66, 7, , 
2020/8/10, 32, 30, 69, 22, , 
2020/8/11, 57, 21, 47, 12, , 
2020/8/12, 44, 8, 36, 8, , 
2020/8/13, 28, 10, 32, 6, , 
2020/8/14, 16, 9, 40, 5, , 
2020/8/15, 15, 10, 40, 5, , 
2020/8/16, 17, 8, 28, 5, , 
2020/8/17, 10, 9, 28, 9, , 
2020/8/18, 9, 11, 25, 8, , 
2020/8/19, 10, 13, 38, 7, , 
2020/8/20, 20, 14, 28, 6, , 
2020/8/21, 22, 16, 30, 3, , 
2020/8/22, 24, 9, 28, 2, , 
2020/8/23, 13, 14, 26, 7, , 
2020/8/24, 17, 16, 29, 10, , 
2020/8/25, 16, 16, 27, 3, , 
2020/8/26, 22, 19, 29, 9, , 
2020/8/27, 27, 11, 22, 4, 1, 
2020/8/28, 19, 7, 24, 5, , 
2020/8/29, 19, 9, 28, 3, , 
2020/8/30, 17, 16, 30, 7, , 
2020/8/31, 21, 18, 32, 13, , 
2020/7/1, 15, 10, 24, 3, , 
2020/7/2, 20, 11, 25, 4, , 
2020/7/3, 20, 12, 21, 4, , 
2020/7/4, 22, 6, 16, 1, , 
2020/7/5, 14, 19, 28, 2, , 
2020/7/6, 36, 17, 35, 7, , 
2020/7/7, 33, 15, 21, 6, , 
2020/7/8, 25, 16, 27, 6, 5, 
2020/7/9, 25, 11, 32, 3, 1, 
2020/7/10, 18, 14, 36, 5, 1, 
2020/7/11, 27, 14, 40, 4, 1, 
2020/7/12, 27, 17, 48, 6, 1, 
2020/7/13, 36, 11, 35, 3, , 
2020/7/14, 28, 15, 29, 5, 1, 
2020/7/15, 34, 13, 22, 4, 1, 
2020/7/16, 28, 15, 28, 7, 1, 
2020/7/17, 29, 19, 39, 8, 1, 
2020/7/18, 37, 19, 38, 6, 1, 
2020/7/19, 36, 21, 34, 5, , 
2020/7/20, 37, 20, 38, 5, 2, 
2020/7/21, 32, 22, 39, 6, 1, 
2020/7/22, 34, 31, 47, 11, , 
2020/7/23, 46, 14, 32, 5, , 
2020/7/24, 28, 14, 24, 8, 1, 
2020/7/25, 24, 8, 24, 2, , 
2020/7/26, 15, 17, 34, 6, , 
2020/7/27, 22, 12, 29, 2, , 
2020/7/28, 24, 15, 38, 7, , 
2020/7/29, 30, 24, 48, 8, , 
2020/7/30, 35, 29, 53, 11, , 
2020/7/31, 48, 16, 30, 4, , 
2020/6/1, 30, 21, 54, 15, , 
2020/6/2, 42, 23, 57, 9, , 
2020/6/3, 46, 17, 29, 7, , 
2020/6/4, 43, 13, 25, 4, , 
2020/6/5, 27, 11, 31, 2, , 
2020/6/6, 20, 11, 28, 3, , 
2020/6/7, 22, 15, 23, 8, , 
2020/6/8, 30, 16, 29, 6, , 
2020/6/9, 34, 21, 37, 10, , 
2020/6/10, 44, 16, 41, 6, , 
2020/6/11, 41, 9, 30, 4, , 
2020/6/12, 24, 9, 32, 4, , 
2020/6/13, 20, 11, 30, 2, , 
2020/6/14, 25, 12, 30, 4, , 
2020/6/15, 22, 11, 30, 5, , 
2020/6/16, 24, 12, 28, 9, , 
2020/6/17, 23, 11, 29, 7, , 
2020/6/18, 26, 11, 26, 7, , 
2020/6/19, 22, 10, 32, 6, , 
2020/6/20, 28, 11, 20, 5, 1, 
2020/6/21, 29, 22, 35, 8, , 
2020/6/22, 43, 21, 48, 9, , 
2020/6/23, 43, 21, 56, 5, , 
2020/6/24, 40, 21, 64, 5, , 
2020/6/25, 43, 23, 43, 9, , 
2020/6/26, 52, 14, 32, 2, , 
2020/6/27, 33, 9, 28, 2, , 
2020/6/28, 21, 12, 29, 3, , 
2020/6/29, 19, 12, 21, 4, , 
2020/6/30, 21, 8, 12, 4, , 
2020/5/1, 22, 10, 37, 3, , 
2020/5/2, 25, 9, 27, 4, , 
2020/5/3, 35, 12, 29, 7, , 
2020/5/4, 37, 18, 24, 6, , 
2020/5/5, 54, 15, 45, 7, , 
2020/5/6, 40, 15, 51, 11, , 
2020/5/7, 40, 16, 56, 7, 1, 
2020/5/8, 47, 14, 35, 8, , 
2020/5/9, 49, 10, 29, 3, , 
2020/5/10, 35, 30, 32, 4, , 
2020/5/11, 38, 18, 32, 5, , 
2020/5/12, 35, 23, 40, 6, , 
2020/5/13, 51, 17, 37, 5, , 
2020/5/14, 40, 18, 39, 7, , 
2020/5/15, 41, 16, 42, 8, , 
2020/5/16, 44, 13, 45, 5, , 
2020/5/17, 39, 14, 40, 8, , 
2020/5/18, 35, 14, 35, 8, , 
2020/5/19, 35, 13, 38, 7, , 
2020/5/20, 28, 15, 52, 6, , 
2020/5/21, 38, 15, 29, 9, , 
2020/5/22, 35, 16, 30, 3, , 
2020/5/23, 29, 17, 33, 3, , 
2020/5/24, 35, 17, 35, 5, , 
2020/5/25, 42, 19, 42, 7, , 
2020/5/26, 42, 22, 49, 8, 1, 
2020/5/27, 42, 20, 41, 6, , 
2020/5/28, 36, 17, 42, 5, , 
2020/5/29, 34, 17, 43, 7, , 
2020/5/30, 38, 14, 36, 3, , 
2020/5/31, 28, 13, 42, 5, , 
2020/4/1, 58, 18, 34, 7, , 
2020/4/2, 54, 16, 30, 6, , 
2020/4/3, 44, 16, 38, 7, , 
2020/4/4, 47, 14, 40, 3, , 
2020/4/5, 42, 15, 32, 6, , 
2020/4/6, 46, 20, 41, 6, , 
2020/4/7, 58, 21, 48, 10, , 
2020/4/8, 57, 25, 49, 14, , 
2020/4/9, 66, 27, 55, 10, , 
2020/4/10, 60, 23, 53, 9, , 
2020/4/11, 56, 20, 49, 5, , 
2020/4/12, 54, 25, 33, 4, , 
2020/4/13, 60, 20, 37, 2, , 
2020/4/14, 39, 17, 41, 4, , 
2020/4/15, 41, 18, 39, 7, , 
2020/4/16, 47, 22, 40, 10, , 
2020/4/17, 51, 8, 34, 3, , 
2020/4/18, 22, 23, 41, 4, , 
2020/4/19, 63, 23, 41, 4, 29, 
2020/4/20, 65, , 40, 4, 5, 
2020/4/23, 49, 24, 53, 10, , 
2020/4/24, 58, 21, 41, 4, , 
2020/4/25, 50, 20, 46, 4, , 
2020/4/26, 54, 19, 39, 10, , 
2020/4/27, 45, 12, 35, 3, , 
2020/4/28, 25, 9, 31, 4, , 
2020/4/29, 24, 8, 31, 3, , 
2020/4/30, 18, 10, 34, 1, , 
2020/3/1, 24, 8, 27, 9, 1, 
2020/3/2, 17, 16, 21, 17, , 
2020/3/3, 34, 14, 22, 15, , 
2020/3/4, 34, 9, 23, 11, , 
2020/3/5, 21, 13, 28, 9, , 
2020/3/6, 34, 16, 27, 13, , 
2020/3/7, 43, 12, 28, 6, , 
2020/3/8, 28, 13, 26, 8, , 
2020/3/9, 33, 5, 23, 7, , 
2020/3/10, 14, 7, 26, 6, , 
2020/3/11, 21, 10, 30, 5, , 
2020/3/12, 20, 19, 28, 11, , 
2020/3/13, 34, 14, 23, 11, , 
2020/3/14, 37, 14, 31, 8, , 
2020/3/15, 35, 19, 16, 21, , 
2020/3/16, 46, 28, 13, 22, , 
2020/3/17, 67, 35, 24, 22, , 
2020/3/18, 79, 28, 33, 17, , 
2020/3/19, 68, 34, 19, 10, , 
2020/3/20, 89, 10, 22, 4, , 
2020/3/21, 42, 10, 31, 2, , 
2020/3/22, 41, 12, 31, 3, , 
2020/3/23, 38, 13, 35, 4, , 
2020/3/24, 42, 23, 34, 6, , 
2020/3/25, 62, 23, 36, 6, , 
2020/3/26, 65, 32, 34, 12, 1, 
2020/3/27, 79, 55, 37, 12, 1, 
2020/3/28, 123, 22, 33, 2, , 
2020/3/29, 32, 14, 33, 3, , 
2020/3/30, 27, 16, 35, 5, , 
2020/3/31, 50, 19, 38, 8, , 
2020/2/1, 16, 6, 24, 8, , 
2020/2/2, 15, 10, 32, 11, , 
2020/2/3, 21, 13, 29, 7, , 
2020/2/4, 28, 14, 23, 13, , 
2020/2/5, 32, 23, 17, 21, , 
2020/2/6, 51, 21, 15, 18, , 
2020/2/7, 52, 18, 16, 15, , 
2020/2/8, 54, 9, 27, 4, , 
2020/2/9, 30, 18, 32, 4, , 
2020/2/10, 37, 10, 31, 6, , 
2020/2/11, 25, 15, 25, 14, , 
2020/2/12, 29, 14, 32, 7, , 
2020/2/13, 31, 19, 27, 12, , 
2020/2/14, 34, 21, 28, 9, , 
2020/2/15, 47, 10, 33, 3, , 
2020/2/16, 29, 8, 28, 8, , 
2020/2/17, 20, 13, 26, 11, , 
2020/2/18, 29, 12, 28, 10, , 
2020/2/19, 26, 11, 26, 10, , 
2020/2/20, 24, 16, 22, 16, , 
2020/2/21, 36, 14, 25, 9, , 
2020/2/22, 33, 5, 24, , , 
2020/2/23, 19, 5, 21, , , 
2020/2/24, 14, 7, 31, , , 
2020/2/25, 18, 10, 30, , , 
2020/2/26, 24, 11, 23, 11, , 
2020/2/27, 35, 19, 20, 13, , 
2020/2/28, 39, 26, 29, 4, , 
2020/2/29, 42, 8, 28, 7, , 
2020/1/1, 76, 12, 11, 14, , 
2020/1/2, 43, 11, 22, 10, , 
2020/1/3, 35, 15, 23, 16, , 
2020/1/4, 36, 13, 19, 19, 1, 
2020/1/5, 41, 18, 13, 18, 1, 
2020/1/6, 57, 13, 11, 17, , 
2020/1/7, 46, 9, 16, 14, , 
2020/1/8, 29, 8, 18, 10, , 
2020/1/9, 30, 11, 25, 13, , 
2020/1/10, 27, 16, 19, 24, 1, 
2020/1/11, 52, 14, 19, 11, , 
2020/1/12, 45, 8, 18, 12, , 
2020/1/13, 23, 8, 23, 7, , 
2020/1/14, 25, 14, 23, 13, , 
2020/1/15, 39, 14, 21, 18, , 
2020/1/16, 40, 11, 25, 13, , 
2020/1/17, 31, 14, 19, 20, , 
2020/1/18, 36, 20, 24, 16, , 
2020/1/19, 44, 24, 19, 19, , 
2020/1/20, 53, 28, 9, 24, , 
2020/1/21, 69, 36, 5, 27, , 
2020/1/22, 89, 25, 11, 20, , 
2020/1/23, 74, 42, 3, 20, , 
2020/1/24, 114, 47, 3, 22, 1, 
2020/1/25, 127, 42, 11, 19, , 
2020/1/26, 108, 12, 22, 10, , 
2020/1/27, 33, 8, 31, 7, , 
2020/1/28, 18, 14, 28, 17, 1, 
2020/1/29, 31, 10, 18, 17, , 
2020/1/30, 30, 5, 21, 11, , 
2020/1/31, 16, 6, 27, 8, , 
2019/10/1, 20, 11, 25, 8, , 
2019/10/2, 23, 21, 19, 23, 1, 
2019/10/3, 44, 16, 22, 9, 1, 
2019/10/4, 32, 8, 18, 8, 1, 
2019/10/5, 21, 10, 28, 5, 1, 
2019/10/6, 20, 12, 23, 7, , 
2019/10/7, 23, 7, 19, 11, , 
2019/10/8, 17, 11, 22, 11, , 
2019/10/9, 20, 14, 21, 13, , 
2019/10/10, 22, 14, 23, 13, , 
2019/10/11, 26, 15, 21, 11, , 
2019/10/12, 34, 18, 26, 8, , 
2019/10/13, 38, 15, 28, 9, , 
2019/10/14, 26, 9, 22, 9, , 
2019/10/15, 16, 9, 20, 7, , 
2019/10/16, 16, 7, 16, 12, , 
2019/10/17, 17, 10, 27, 7, , 
2019/10/18, 21, 9, 21, 10, , 
2019/10/19, 25, 8, 19, 12, , 
2019/10/20, 31, 9, 21, 13, , 
2019/10/21, 21, 24, 13, 20, , 
2019/10/22, 63, 22, 11, 11, , 
2019/10/23, 51, 15, 18, 11, , 
2019/10/24, 34, 12, 14, 13, , 
2019/10/25, 28, 11, 18, 8, , 
2019/10/26, 21, 10, 19, 9, , 
2019/10/27, 32, 14, 16, 9, , 
2019/10/28, 32, 13, 15, 6, , 
2019/10/29, 35, 21, 9, 12, , 
2019/10/30, 55, 23, 3, 10, , 
2019/10/31, 63, 11, 17, 9, , 
2019/11/1, 31, 9, 24, 5, , 
2019/11/2, 24, 5, 24, 6, , 
2019/11/3, 17, 9, 20, 9, , 
2019/11/4, 26, 17, 20, 17, , 
2019/11/5, 32, 14, 12, 15, , 
2019/11/6, 42, 11, 21, 10, , 
2019/11/7, 24, 17, 10, 18, , 
2019/11/8, 40, 16, 13, 15, , 
2019/11/9, 48, 12, 9, 12, , 
2019/11/10, 47, 10, 20, 9, , 
2019/11/11, 30, 11, 17, 19, , 
2019/11/12, 29, 13, 17, 14, , 
2019/11/13, 32, 9, 22, 13, , 
2019/11/14, 32, 11, 12, 17, , 
2019/11/15, 45, 10, 14, 11, , 
2019/11/16, 37, 15, 13, 15, , 
2019/11/17, 50, 13, 9, 18, , 
2019/11/18, 43, 19, 16, 22, , 
2019/11/19, 44, 19, 14, 15, , 
2019/11/20, 54, 19, 14, 15, , 
2019/11/21, 58, 10, 20, 11, , 
2019/11/22, 30, 14, 18, 11, , 
2019/11/23, 45, 20, 17, 17, , 
2019/11/24, 62, 12, 14, 12, , 
2019/11/25, 33, 9, 16, 12, , 
2019/11/26, 25, 8, 22, 9, , 
2019/11/27, 20, 10, 20, 11, , 
2019/11/28, 26, 14, 17, 19, , 
2019/11/29, 36, 17, 22, 11, , 
2019/11/30, 43, 16, 15, 12, , 
2019/12/1, 54, 24, 8, 25, , 
2019/12/2, 63, 24, 5, 21, , 
2019/12/3, 68, 35, 5, 23, , 
2019/12/4, 89, 29, 2, 23, , 
2019/12/5, 91, 18, 15, 15, , 
2019/12/6, 63, 11, 15, 15, , 
2019/12/7, 30, 10, 25, 7, , 
2019/12/8, 23, 11, 26, 10, , 
2019/12/9, 32, 22, 18, 19, , 
2019/12/10, 51, 11, 20, 16, , 
2019/12/11, 35, 7, 18, 14, , 
2019/12/12, 27, 13, 29, 8, , 
2019/12/13, 29, 16, 32, 10, , 
2019/12/14, 35, 12, 31, 10, , 
2019/12/15, 34, 11, 18, 20, , 
2019/12/16, 36, 13, 15, 17, , 
2019/12/17, 34, 13, 11, 17, , 
2019/12/18, 40, 16, 21, 15, , 
2019/12/19, 37, 7, 24, 9, , 
2019/12/20, 19, 10, 28, 8, , 
2019/12/21, 24, 9, 29, 5, , 
2019/12/22, 28, 14, 25, 9, , 
2019/12/23, 39, 13, 26, 9, , 
2019/12/24, 28, 12, 27, 8, , 
2019/12/25, 31, 15, 21, 17, , 
2019/12/26, 39, 10, 26, 11, , 
2019/12/27, 30, 9, 20, 9, , 
2019/12/28, 36, 24, 8, 14, , 
2019/12/29, 78, , , , , 
2019/7/1, 28, 18, 39, 7, 1, 
2019/7/2, 28, 20, 43, 7, , 
2019/7/3, 33, 22, 48, 7, , 
2019/7/4, 30, 24, 52, 13, , 
2019/7/5, 32, 23, 67, 15, 1, 
2019/7/6, 45, 16, 40, 7, 1, 
2019/7/7, 40, 19, 37, 5, , 
2019/7/8, 31, 16, 36, 6, 1, 
2019/7/9, 17, 25, 47, 10, 1, 
2019/7/10, 37, 29, 45, 20, , 
2019/7/11, 47, 15, 37, 6, , 
2019/7/12, 25, 14, 33, 7, , 
2019/7/13, 32, 13, 28, 4, , 
2019/7/14, 29, 18, 36, 8, 1, 
2019/7/15, 30, 23, 42, 9, , 
2019/7/16, 45, 23, 48, 9, , 
2019/7/17, 39, 21, 34, 7, 1, 
2019/7/18, 31, 14, 31, 5, , 
2019/7/19, 24, 16, 22, 12, , 
2019/7/20, 31, 11, 29, 5, , 
2019/7/21, 23, 22, 57, 11, , 
2019/7/22, 35, 34, 50, 13, 1, 
2019/7/23, 49, 30, 76, , 7, 
2019/7/24, 33, 48, 71, , 2, 
2019/7/26, 28, 9, 27, 5, , 
2019/7/27, 24, 13, 31, 4, , 
2019/7/28, 30, 16, 41, 11, 1, 
2019/7/29, 27, 20, 28, 9, , 
2019/7/30, 27, 12, 27, 6, , 
2019/7/31, 22, 24, 39, 18, , 
2019/8/1, 36, 15, 40, 8, 1, 
2019/8/2, 29, 17, 39, 5, 1, 
2019/8/3, 41, 13, 46, 7, 1, 
2019/8/4, 37, 15, 32, 6, 1, 
2019/8/5, 32, 9, 20, 7, , 
2019/8/6, 17, 11, 29, 7, , 
2019/8/7, 25, 20, 35, 15, , 
2019/8/8, 31, 13, 21, 11, , 
2019/8/9, 27, 16, 32, 3, , 
2019/8/10, 27, 14, 27, 5, , 
2019/8/11, 32, 14, 27, 7, , 
2019/8/12, 26, 9, 27, 8, , 
2019/8/13, 21, 10, 28, 10, , 
2019/8/14, 24, 9, 23, 3, , 
2019/8/15, 18, 13, 28, 9, 1, 
2019/8/16, 27, 7, 17, 6, , 
2019/8/17, 15, 5, 24, 5, , 
2019/8/18, 13, 12, 27, 10, , 
2019/8/19, 27, 16, 33, 12, 1, 
2019/8/20, 34, 15, 40, 9, , 
2019/8/21, 31, 18, 44, 15, , 
2019/8/22, 38, 18, 53, 10, , 
2019/8/23, 37, 18, 51, 11, 1, 
2019/8/24, 45, 19, 69, 16, , 
2019/8/25, 48, 22, 60, 22, , 
2019/8/26, 47, 27, 61, 15, , 
2019/8/27, 49, 22, 41, 15, , 
2019/8/28, 43, 11, 30, 7, , 
2019/8/29, 27, 18, 40, 12, , 
2019/8/30, 26, 17, 43, 7, 1, 
2019/8/31, 30, 11, 30, 4, , 
2019/9/1, 17, 16, 33, 11, , 
2019/9/2, 23, 16, 33, 13, , 
2019/9/3, 24, 20, 30, 13, , 
2019/9/4, 34, 15, 24, 8, , 
2019/9/5, 21, 16, 32, 13, , 
2019/9/6, 29, 10, 24, 5, , 
2019/9/7, 18, 11, 31, 6, , 
2019/9/8, 20, 17, 30, 16, , 
2019/9/9, 28, 18, 34, 19, 1, 
2019/9/10, 30, 17, 29, 13, 1, 
2019/9/11, 29, 12, 16, 12, , 
2019/9/12, 19, 14, 16, 11, , 
2019/9/13, 25, 14, 30, 9, 1, 
2019/9/14, 32, 19, 44, 18, , 
2019/9/15, 45, 21, 34, 17, , 
2019/9/16, 35, 20, 30, 10, , 
2019/9/17, 35, 24, 27, 7, , 
2019/9/18, 24, 23, 29, 8, , 
2019/9/19, 30, 24, 34, 8, , 
2019/9/20, 26, 19, 40, 10, 2, 
2019/9/21, 33, 11, 27, 7, , 
2019/9/22, 26, 12, 26, 8, , 
2019/9/23, 18, 8, 18, 11, , 
2019/9/24, 18, 13, 19, 9, , 
2019/9/25, 21, 14, 24, 8, , 
2019/9/26, 23, 11, 25, 10, 1, 
2019/9/27, 24, 10, 26, 6, , 
2019/9/28, 17, 8, 24, 4, , 
2019/9/29, 19, 10, 25, 7, , 
2019/9/30, 21, 9, 22, 8, , 
2019/4/1, 80, 20, 36, 12, 1, 
2019/4/2, 57, 7, 33, 9, , 
2019/4/3, 15, , 36, 17, , 
2019/4/5, 42, 17, 36, 8, , 
2019/4/6, 54, 8, 37, 9, , 
2019/4/7, 23, 19, 31, 23, , 
2019/4/8, 42, 21, 32, 19, , 
2019/4/9, 52, 38, 19, 16, , 
2019/4/10, 92, 31, 32, 14, , 
2019/4/11, 68, 34, 30, 14, , 
2019/4/12, 78, 21, 35, 11, , 
2019/4/13, 60, 22, 36, 10, , 
2019/4/14, 68, 31, 40, 13, , 
2019/4/15, 73, 20, 28, 15, , 
2019/4/16, 62, 17, 36, 14, , 
2019/4/17, 44, 17, 47, 11, , 
2019/4/18, 42, 24, 46, 17, , 
2019/4/19, 51, 17, 55, 14, , 
2019/4/20, 40, 23, 52, 14, , 
2019/4/21, 53, 23, 48, 20, , 
2019/4/22, 56, 28, 30, 20, , 
2019/4/23, 54, 20, 35, 9, , 
2019/4/24, 31, 9, 31, 8, , 
2019/4/25, 20, 10, 32, 10, , 
2019/4/26, 24, 16, 33, 4, , 
2019/4/27, 21, 13, 30, 5, , 
2019/4/28, 32, 17, 30, 14, , 
2019/4/29, 41, 32, 30, 15, , 
2019/4/30, 79, 36, 38, 12, , 
2019/5/1, 92, 30, 30, 11, , 
2019/5/2, 71, 16, 27, 14, , 
2019/5/3, 40, 11, 26, 10, , 
2019/5/4, 30, 14, 34, 7, , 
2019/5/5, 33, 19, 28, 16, , 
2019/5/6, 42, 17, 38, 12, , 
2019/5/7, 40, 10, 31, 8, , 
2019/5/8, 31, 9, 31, 8, , 
2019/5/9, 23, 11, 32, 12, , 
2019/5/10, 29, 10, 34, 8, , 
2019/5/11, 31, 13, 37, 6, , 
2019/5/12, 33, 14, 39, 8, , 
2019/5/13, 28, 17, 40, 8, , 
2019/5/14, 32, 17, 40, 9, 1, 
2019/5/15, 43, 16, 41, 9, , 
2019/5/16, 31, 24, 34, 16, , 
2019/5/17, 54, 9, 39, 8, , 
2019/5/18, 27, 19, 29, 15, , 
2019/5/19, 61, 14, 36, 9, , 
2019/5/20, 44, 20, 34, 13, , 
2019/5/21, 50, 20, 41, 17, , 
2019/5/22, 49, 23, 54, 21, , 
2019/5/23, 48, 21, 44, 13, 1, 
2019/5/24, 42, 15, 34, 9, 1, 
2019/5/25, 41, 12, 26, 7, , 
2019/5/26, 31, 11, 34, 5, , 
2019/5/27, 26, 15, 27, 6, , 
2019/5/28, 22, 10, 31, 9, , 
2019/5/29, 24, 8, 20, 4, , 
2019/5/30, 16, 11, 33, 9, , 
2019/5/31, 28, 15, 39, 13, , 
2019/6/1, 38, 14, 44, 8, , 
2019/6/2, 30, 16, 29, 8, , 
2019/6/3, 31, 14, 35, 9, , 
2019/6/4, 36, 10, 25, 12, , 
2019/6/5, 28, 11, 31, 8, , 
2019/6/6, 22, 12, 35, 6, , 
2019/6/7, 20, 15, 27, 4, , 
2019/6/8, 24, , 36, 10, , 
2019/6/9, 36, , 31, 6, , 
2019/6/10, 26, 15, 31, 13, , 
2019/6/11, 21, , 25, 11, , 
2019/6/12, 22, , 29, 8, , 
2019/6/13, 23, 30, 38, 13, , 
2019/6/14, 54, 11, 33, 8, , 
2019/6/15, 24, 11, 25, 4, , 
2019/6/16, 29, 15, 32, 12, , 
2019/6/17, 30, 18, 39, 16, , 
2019/6/18, 37, 16, 38, 7, , 
2019/6/19, 29, 10, 28, 6, , 
2019/6/20, 28, 14, 32, 10, , 
2019/6/21, 27, 14, 42, 7, , 
2019/6/22, 28, 16, 40, 5, , 
2019/6/23, 47, 21, 47, 10, , 
2019/6/24, 42, 24, 48, 11, , 
2019/6/25, 48, 35, 53, 9, , 
2019/6/26, 67, 30, 53, 7, , 
2019/6/27, 60, 22, 64, 8, , 
2019/6/28, 37, 18, 58, 8, , 
2019/6/29, 37, 23, 41, 7, , 
2019/6/30, 50, 16, 35, 6, , 
2019/1/1, 43, 17, 23, 13, , 
2019/1/2, 39, 17, 16, 20, 2, 
2019/1/3, 47, 20, 17, 19, 1, 
2019/1/4, 60, 17, 20, 11, 1, 
2019/1/5, 58, 24, 16, 15, 1, 
2019/1/6, 71, 21, 10, 20, 1, 
2019/1/7, 60, 15, 22, 12, 1, 
2019/1/8, 37, 16, 22, 14, 1, 
2019/1/10, 39, 17, 12, 23, 1, 
2019/1/11, 55, 13, 19, 12, 1, 
2019/1/12, 40, 10, 27, 4, , 
2019/1/13, 24, 14, 24, 11, , 
2019/1/14, 30, 15, 20, 16, , 
2019/1/15, 38, 21, 19, 18, , 
2019/1/16, 50, 10, 21, 14, , 
2019/1/17, 28, 30, 11, 28, 1, 
2019/1/18, 64, 18, 9, 14, 2, 
2019/1/19, 57, 22, 9, 14, , 
2019/1/20, 72, 44, 4, 25, 1, 
2019/1/21, 113, 28, 9, 16, , 
2019/1/22, 86, 13, 14, 18, , 
2019/1/23, 50, 35, 10, 24, 1, 
2019/1/24, 94, 25, 5, 21, 1, 
2019/1/25, 74, 8, 22, 11, , 
2019/1/26, 23, 8, 27, 5, , 
2019/1/27, 17, 15, 24, 12, 1, 
2019/1/28, 28, 12, 20, 19, , 
2019/1/29, 47, 2, 23, 15, , 
2019/1/31, 40, 15, 13, 24, , 
2019/2/1, 40, 13, 19, 14, , 
2019/2/2, 48, 17, 21, 12, , 
2019/2/3, 45, 19, 11, 21, 1, 
2019/2/4, 59, 16, 19, 18, 1, 
2019/2/5, 50, 13, 12, 16, , 
2019/2/6, 48, 13, 25, 12, , 
2019/2/7, 23, 13, 24, 9, 1, 
2019/2/8, 26, 16, 28, 7, , 
2019/2/9, 29, 6, 32, 4, , 
2019/2/10, 17, 13, 25, 16, 1, 
2019/2/11, 27, 31, 10, 32, , 
2019/2/12, 67, 32, 11, 22, , 
2019/2/13, 81, 32, 10, 24, 1, 
2019/2/14, 73, 39, 13, 29, 1, 
2019/2/15, 85, 44, 18, 30, , 
2019/2/16, 109, 29, 24, 22, 1, 
2019/2/17, 77, 31, 24, 23, , 
2019/2/18, 68, 19, 19, 18, 1, 
2019/2/19, 49, 40, 16, 27, , 
2019/2/20, 91, 46, 16, 33, , 
2019/2/21, 98, 56, 10, 38, , 
2019/2/22, 115, 20, 21, 13, , 
2019/2/23, 59, 18, 24, 15, , 
2019/2/24, 55, 29, 20, 21, 1, 
2019/2/25, 60, 33, 19, 25, , 
2019/2/26, 62, 45, 17, 33, , 
2019/2/27, 94, 28, 28, 19, , 
2019/2/28, 59, 13, 30, 10, , 
2019/3/1, 35, 14, 27, 9, 1, 
2019/3/2, 31, 12, 26, 4, , 
2019/3/3, 27, 8, 33, 7, , 
2019/3/4, 20, 12, 25, 13, , 
2019/3/5, 22, 11, 20, 15, , 
2019/3/6, 32, 8, 30, 8, , 
2019/3/7, 22, 13, 29, 11, , 
2019/3/8, 23, 9, 28, 9, , 
2019/3/9, 24, 13, 36, 4, , 
2019/3/10, 23, 14, 33, 10, , 
2019/3/11, 26, 17, 32, 13, , 
2019/3/12, 31, 14, 32, 7, , 
2019/3/13, 23, 9, 28, 8, , 
2019/3/14, 19, 7, 25, 5, , 
2019/3/15, 14, 8, 33, 6, , 
2019/3/16, 20, 8, 35, 5, , 
2019/3/17, 18, 11, 28, 14, , 
2019/3/18, 28, 21, 27, 27, , 
2019/3/19, 44, 27, 22, 33, , 
2019/3/20, 60, 29, 30, 27, , 
2019/3/21, 67, 32, 31, 24, , 
2019/3/22, 72, 36, 27, 22, , 
2019/3/23, 91, 34, 23, 12, , 
2019/3/24, 87, 21, 33, 12, , 
2019/3/25, 42, 20, 35, 11, , 
2019/3/26, 40, 29, 31, 15, , 
2019/3/27, 60, 37, 30, 16, , 
2019/3/28, 83, 29, 30, 17, , 
2019/3/29, 64, 28, 41, 26, , 
2019/3/30, 65, 31, 44, 25, , 
2019/3/31, 73, 33, 42, 12, , 
2018/10/1, 33, 14, 20, 13, , 
2018/10/2, 29, 15, 16, 8, , 
2018/10/3, 26, 22, 24, 21, 1, 
2018/10/4, 40, 27, 28, 26, 1, 
2018/10/5, 53, 23, 35, 23, 1, 
2018/10/6, 54, 13, 18, 12, , 
2018/10/7, 39, 25, 19, 24, , 
2018/10/8, 50, 30, 28, 24, 1, 
2018/10/9, 60, 28, 32, 15, , 
2018/10/10, 62, 13, 30, 8, , 
2018/10/11, 29, 14, 25, 11, , 
2018/10/12, 28, 15, 27, 14, , 
2018/10/13, 37, 16, 34, 8, , 
2018/10/14, 42, 23, 36, 13, , 
2018/10/15, 48, 31, 29, 29, 1, 
2018/10/16, 58, 24, 15, 26, 2, 
2018/10/17, 52, 29, 21, 16, 1, 
2018/10/18, 65, 38, 13, 19, 1, 
2018/10/19, 77, 30, 18, 18, 1, 
2018/10/20, 76, 36, 17, 20, 1, 
2018/10/21, 88, 25, 17, 18, 1, 
2018/10/22, 57, 21, 20, 18, , 
2018/10/23, 39, 18, 13, 15, 1, 
2018/10/24, 40, 22, 19, 16, , 
2018/10/25, 52, 20, 20, 17, , 
2018/10/26, 51, 11, 18, 17, , 
2018/10/27, 35, 20, 14, 9, , 
2018/10/28, 60, 19, 12, 13, 1, 
2018/10/29, 58, 13, 15, 15, 1, 
2018/10/30, 37, 17, 8, 17, , 
2018/10/31, 52, 9, 20, 11, , 
2018/11/1, 31, 16, 16, 23, , 
2018/11/2, 51, 29, 9, 29, 1, 
2018/11/3, 75, 27, 9, 15, , 
2018/11/4, 84, 23, 11, 14, , 
2018/11/5, 62, 12, 23, 13, , 
2018/11/6, 33, 8, 17, 10, , 
2018/11/7, 21, 14, 19, 11, , 
2018/11/8, 35, 15, 14, 14, , 
2018/11/9, 41, 7, 23, 7, , 
2018/11/10, 22, 8, 23, 8, , 
2018/11/11, 24, 9, 12, 21, , 
2018/11/12, 35, 19, 18, 18, , 
2018/11/13, 42, 18, 7, 19, , 
2018/11/14, 54, 14, 5, 11, , 
2018/11/15, 50, 14, 5, 10, , 
2018/11/16, 49, 25, 10, 12, , 
2018/11/17, 76, 17, 16, 13, , 
2018/11/18, 61, 15, 13, 14, , 
2018/11/19, 55, 21, 10, 13, , 
2018/11/20, 73, 34, 6, 17, 1, 
2018/11/21, 99, 25, 2, 14, 1, 
2018/11/22, 81, 24, , 16, 1, 
2018/11/23, 74, 16, 13, 16, 1, 
2018/11/24, 55, 13, 9, 13, 1, 
2018/11/25, 54, 24, 2, 14, , 
2018/11/26, 77, 25, 7, 15, , 
2018/11/27, 71, 10, 13, 14, , 
2018/11/28, 29, 13, 16, 12, , 
2018/11/29, 32, 21, 20, 18, , 
2018/11/30, 39, 12, 19, 11, , 
2018/12/1, 31, 5, 20, 7, , 
2018/12/2, 13, 8, 22, 10, , 
2018/12/3, 23, 16, 19, 19, , 
2018/12/4, 34, 18, 8, 14, , 
2018/12/5, 47, 10, 15, 16, , 
2018/12/6, 27, 10, 25, 9, , 
2018/12/7, 23, 13, 26, 6, , 
2018/12/8, 28, 13, 32, 4, , 
2018/12/9, 37, 13, 21, 14, , 
2018/12/10, 32, 33, 3, 28, 1, 
2018/12/11, 73, 28, 13, 18, 1, 
2018/12/12, 72, 19, 9, 13, , 
2018/12/13, 61, 21, 11, 15, , 
2018/12/14, 70, 23, 11, 14, 1, 
2018/12/15, 77, 10, 16, 14, 1, 
2018/12/16, 42, 15, 17, 20, , 
2018/12/17, 38, 15, 14, 15, , 
2018/12/18, 39, 11, 18, 13, , 
2018/12/19, 28, 13, 20, 13, , 
2018/12/20, 32, 5, 23, 11, , 
2018/12/21, 17, 16, 23, 10, , 
2018/12/22, 33, 11, 19, 9, , 
2018/12/23, 24, 11, 21, 12, , 
2018/12/24, 32, 20, 14, 20, , 
2018/12/25, 71, 33, 1, 17, 14, 
2018/12/26, 99, 25, , 13, 1, 
2018/12/27, 81, 32, , 19, 1, 
2018/12/28, 94, 33, , 21, , 
2018/12/29, 97, 16, 8, 15, 1, 
2018/12/30, 59, , , , , 
2018/7/1, 54, 23, 56, 11, , 1
2018/7/2, 43, 14, 43, 11, , 1
2018/7/3, 31, 16, 42, 10, , 2
2018/7/4, 38, 23, 33, 16, , 1
2018/7/5, 46, 22, 51, 13, , 2
2018/7/6, 53, 24, 67, 12, , 2
2018/7/7, 57, 27, 69, 13, , 
2018/7/8, 59, 18, 38, 8, , 
2018/7/9, 37, 20, 30, 7, , 1
2018/7/10, 32, 20, 32, 8, , 1
2018/7/11, 41, 25, 40, 11, 1, 1
2018/7/12, 51, 28, 46, 13, 1, 1
2018/7/13, 53, 25, 64, 10, , 
2018/7/14, 58, 24, 67, 11, , 2
2018/7/15, 61, 28, 58, 18, , 2
2018/7/16, 57, 20, 34, 8, 1, 1
2018/7/17, 35, 24, 44, 10, , 1
2018/7/18, 37, 26, 54, 8, , 
2018/7/19, 42, 20, 42, 10, , 
2018/7/20, 36, 18, 41, 5, 1, 
2018/7/21, 50, 23, 64, 10, , 
2018/7/22, 61, 26, 77, 13, , 1
2018/7/23, 55, 27, 49, 17, , 2
2018/7/24, 52, 32, 73, 16, 1, 2
2018/7/25, 57, 37, 84, 19, 1, 2
2018/7/26, 67, 37, 67, 32, , 4
2018/7/27, 69, 15, 32, 6, , 
2018/7/28, 38, 17, 28, 5, , 
2018/7/29, 36, 13, 21, 5, , 1
2018/7/30, 27, 12, 28, 5, , 1
2018/7/31, 22, 27, 38, 14, , 1
2018/8/1, 44, 54, 58, 13, 1, 1
2018/8/2, 45, 34, 88, 14, 1, 2
2018/8/3, 58, 22, 63, 8, , 1
2018/8/4, 44, 17, 45, 6, 1, 1
2018/8/5, 42, 18, 68, 15, 1, 1
2018/8/6, 42, 32, 68, 13, , 2
2018/8/7, 53, 18, 34, 4, , 1
2018/8/8, 32, 14, 24, 10, , 2
2018/8/9, 33, 12, 29, 8, , 1
2018/8/10, 27, 11, 34, 5, , 1
2018/8/11, 28, 11, 37, 7, 1, 1
2018/8/12, 32, 9, 23, 6, , 2
2018/8/13, 24, 12, 29, 5, , 1
2018/8/14, 33, 11, 31, 8, , 1
2018/8/15, 31, 20, 43, 13, , 2
2018/8/16, 40, 14, 30, 5, , 1
2018/8/17, 23, 13, 32, 6, , 
2018/8/18, 25, 17, 30, 8, , 1
2018/8/19, 41, 10, 20, 5, , 
2018/8/20, 16, 14, 23, 12, , 
2018/8/21, 28, 17, 38, 14, , 2
2018/8/22, 31, 17, 28, 7, , 1
2018/8/23, 33, 14, 25, 5, , 1
2018/8/24, 28, 8, 27, 4, , 1
2018/8/25, 17, 13, 32, 12, 1, 1
2018/8/26, 28, 13, 28, 6, , 1
2018/8/27, 26, 25, 45, 13, 1, 
2018/8/28, 52, 17, 28, 12, , 
2018/8/29, 40, 21, 20, 19, , 
2018/8/30, 43, 17, 34, 12, , 
2018/8/31, 37, 16, 37, 11, , 
2018/9/1, 33, 15, 40, 11, , 
2018/9/2, 42, 21, 39, 19, , 
2018/9/3, 46, 22, 26, 13, , 
2018/9/4, 50, 26, 39, 12, , 
2018/9/5, 64, 20, 34, 10, , 
2018/9/6, 45, 14, 32, 13, , 
2018/9/7, 34, 14, 34, 20, 1, 
2018/9/8, 39, 14, 38, 18, , 
2018/9/9, 38, 18, 33, 14, , 
2018/9/10, 30, 22, 40, 23, , 
2018/9/11, 36, 26, 35, 23, , 
2018/9/12, 43, 21, 13, 13, , 
2018/9/13, 52, 18, 34, 13, , 
2018/9/14, 31, 15, 28, 17, 1, 
2018/9/15, 31, 17, 32, 23, , 
2018/9/16, 37, 30, 40, 30, 1, 
2018/9/17, 51, 20, 22, 15, , 
2018/9/18, 36, 23, 28, 14, , 
2018/9/19, 35, 22, 27, 16, , 
2018/9/21, 31, 12, 27, 9, , 
2018/9/22, 27, 6, 21, 4, 1, 
2018/9/23, 13, 12, 25, 11, , 
2018/9/24, 27, 15, 27, 12, , 
2018/9/25, 29, 21, 21, 22, 2, 
2018/9/26, 36, 47, 22, 39, 1, 
2018/9/27, 65, 31, 22, 26, 1, 
2018/9/28, 59, 16, 27, 10, , 
2018/9/29, 30, 17, 30, 14, 1, 
2018/9/30, 40, 19, 25, 9, , 
2018/4/1, 42, 12, 28, 11, , 
2018/4/2, 41, 12, 25, 13, 1, 
2018/4/3, 37, 9, 33, 12, , 
2018/4/4, 28, 11, 32, 10, , 
2018/4/5, 32, 14, 33, 10, 1, 
2018/4/6, 40, 17, 34, 12, 1, 
2018/4/7, 43, 18, 40, 9, , 
2018/4/8, 46, 22, 25, 23, , 
2018/4/9, 56, 13, 40, 10, , 
2018/4/10, 41, 13, 41, 11, , 
2018/4/11, 29, 27, 19, 20, 1, 
2018/4/12, 69, 14, 35, 13, , 
2018/4/13, 44, 16, 31, 20, 1, 
2018/4/14, 46, 11, 34, 9, , 
2018/4/15, 36, 19, 34, 14, , 
2018/4/16, 41, 26, 41, 21, , 
2018/4/17, 52, 25, 49, 19, 1, 
2018/4/18, 49, 27, 47, 16, 1, 
2018/4/19, 51, 34, 49, 29, 1, 
2018/4/20, 63, 25, 54, 11, , 
2018/4/21, 55, 28, 42, 9, , 
2018/4/22, 59, 21, 35, 9, 1, 
2018/4/23, 44, 18, 39, 13, , 
2018/4/24, 40, 16, 34, 7, , 
2018/4/25, 36, 14, 36, 6, , 
2018/4/26, 31, 23, 38, 15, , 
2018/4/27, 40, 13, 35, 5, 1, 
2018/4/28, 31, 10, 24, 9, , 
2018/4/29, 40, 6, 27, 8, , 
2018/4/30, 28, 11, 34, 8, , 
2018/5/1, 38, 15, 37, 14, , 
2018/5/2, 38, 17, 39, 10, 1, 
2018/5/3, 37, 22, 43, 14, 1, 
2018/5/4, 53, 32, 47, 13, 1, 
2018/5/5, 75, 27, 52, 10, 1, 
2018/5/6, 64, 20, 50, 12, , 
2018/5/7, 42, 24, 66, 19, 1, 
2018/5/8, 56, 21, 41, 7, 1, 
2018/5/9, 51, 18, 39, 4, , 
2018/5/10, 39, 16, 43, 9, , 
2018/5/11, 38, 16, 29, 13, , 
2018/5/12, 44, 8, 31, 4, , 
2018/5/13, 32, 19, 31, 12, , 
2018/5/14, 50, 35, 40, 11, , 
2018/5/15, 83, 38, 40, 12, , 
2018/5/16, 80, 33, 32, 8, , 
2018/5/17, 57, 29, 30, 12, , 
2018/5/18, 54, 27, 39, 9, 1, 
2018/5/19, 62, 29, 47, 8, 1, 
2018/5/20, 74, 16, 47, 7, , 
2018/5/21, 49, 29, 38, 24, , 
2018/5/22, 66, 42, 34, 15, , 
2018/5/23, 93, 32, 48, 15, , 
2018/5/24, 74, 21, 45, 17, , 
2018/5/25, 50, 18, 41, 6, , 
2018/5/26, 44, 17, 47, 7, , 2
2018/5/27, 44, 19, 39, 13, , 3
2018/5/28, 42, 16, 28, 11, , 2
2018/5/29, 44, 15, 37, 11, , 3
2018/5/30, 34, 15, 35, 10, , 3
2018/5/31, 39, 12, 26, 10, , 3
2018/6/1, 35, 17, 37, 11, , 2
2018/6/2, 48, 18, 38, 5, , 2
2018/6/3, 48, 21, 40, 10, , 2
2018/6/4, 53, 37, 32, 13, , 3
2018/6/5, 91, 29, 23, 18, , 2
2018/6/6, 74, 14, 34, 9, , 3
2018/6/7, 34, 23, 40, 17, , 3
2018/6/8, 52, 36, 41, 9, , 3
2018/6/9, 88, 41, 35, 10, , 3
2018/6/10, 99, 30, 21, 15, , 4
2018/6/11, 69, 14, 27, 12, , 2
2018/6/12, 37, 16, 26, 8, , 3
2018/6/13, 38, 16, 28, 13, , 5
2018/6/14, 44, 17, 35, 12, , 
2018/6/15, 37, 16, 34, 6, , 
2018/6/16, 40, 14, 29, 3, , 
2018/6/17, 32, 11, 26, 6, , 
2018/6/18, 24, 12, 22, 9, 1, 5
2018/6/19, 29, 19, 34, 13, , 4
2018/6/20, 42, 20, 32, 8, , 4
2018/6/21, 37, 15, 33, 7, 1, 3
2018/6/22, 25, 19, 35, 6, , 2
2018/6/23, 39, 17, 41, 8, 1, 3
2018/6/24, 39, 18, 33, 7, 1, 3
2018/6/25, 33, 22, 44, 10, , 1
2018/6/26, 44, 30, 45, 9, , 1
2018/6/27, 54, 25, 48, 8, , 2
2018/6/28, 46, 28, 54, 9, , 2
2018/6/29, 56, 27, 58, 6, 1, 
2018/6/30, 54, 22, 57, 4, , 2
2018/1/1, 28, 15, 25, 11, , 
2018/1/2, 37, 13, 29, 5, , 
2018/1/3, 34, 8, 25, 8, , 
2018/1/4, 26, 12, 26, 18, 1, 
2018/1/5, 35, 18, 15, 17, , 
2018/1/6, 47, 17, 12, 9, , 
2018/1/7, 59, 16, 10, 9, , 
2018/1/8, 57, 25, 5, 12, , 
2018/1/9, 72, 16, 15, 16, , 
2018/1/10, 45, 21, 9, 20, , 
2018/1/11, 62, 30, 7, 20, , 
2018/1/12, 84, 28, 9, 13, , 
2018/1/13, 82, 29, 8, 15, 1, 
2018/1/14, 87, 11, 22, 10, , 
2018/1/15, 40, 9, 29, 7, , 
2018/1/16, 22, 12, 32, 6, , 
2018/1/17, 32, 13, 25, 10, 1, 
2018/1/18, 30, 10, 26, 15, , 
2018/1/19, 31, 8, 25, 9, 1, 
2018/1/20, 25, 10, 22, 11, , 
2018/1/21, 40, 10, 22, 12, , 
2018/1/22, 27, 12, 19, 15, , 
2018/1/23, 34, 6, 19, 7, , 
2018/1/24, 18, 8, 20, 15, , 
2018/1/25, 27, 18, 17, 20, , 
2018/1/26, 44, 21, 13, 21, 1, 
2018/1/27, 68, 12, 15, 11, , 
2018/1/28, 45, 8, 19, 13, , 
2018/1/29, 28, 9, 20, 15, , 
2018/1/30, 29, 7, 24, 10, , 
2018/1/31, 22, 13, 25, 17, , 
2018/2/1, 32, 14, 17, 15, , 
2018/2/2, 41, 16, 12, 18, , 
2018/2/3, 56, 12, 18, 9, , 
2018/2/4, 49, 19, 9, 16, , 
2018/2/5, 67, 23, 7, 18, 1, 
2018/2/6, 79, 34, 10, 20, 1, 
2018/2/7, 103, 43, 7, 33, 2, 
2018/2/8, 121, 35, 13, 22, 1, 
2018/2/9, 106, 17, 22, 19, , 
2018/2/10, 53, 11, 28, 8, , 
2018/2/11, 36, 16, 26, 19, , 
2018/2/12, 40, 17, 18, 18, 1, 
2018/2/13, 53, 15, 17, 14, , 4
2018/2/14, 49, 12, 19, 22, 1, 5
2018/2/15, 39, 24, 20, 23, 1, 3
2018/2/16, 45, 31, 16, 20, , 3
2018/2/17, 67, 31, 18, 18, , 5
2018/2/18, 92, 21, 9, 18, , 5
2018/2/19, 67, 18, 15, 17, 1, 3
2018/2/20, 58, 53, 15, 20, 1, 
2018/2/21, 143, 41, 22, 16, 1, 
2018/2/22, 112, 29, 24, 13, 1, 
2018/2/23, 69, 27, 25, 11, , 
2018/2/24, 80, 19, 26, 8, 1, 
2018/2/25, 60, 20, 27, 9, 1, 
2018/2/26, 56, 25, 21, 15, 1, 
2018/2/27, 75, 34, 25, 14, 1, 
2018/2/28, 89, 35, 22, 10, 2, 
2018/3/1, 96, 30, 21, 16, 1, 
2018/3/2, 84, 18, 24, 17, 1, 
2018/3/3, 58, 11, 19, 16, 1, 
2018/3/4, 50, 15, 23, 20, 1, 
2018/3/5, 43, 13, 29, 17, , 
2018/3/6, 40, 10, 26, 17, , 
2018/3/7, 36, 12, 24, 17, , 
2018/3/8, 39, 18, 15, 24, , 
2018/3/9, 55, 13, 22, 14, , 
2018/3/10, 41, 7, 31, 8, , 
2018/3/11, 26, 11, 28, 9, 1, 
2018/3/12, 32, 15, 27, 12, 1, 
2018/3/13, 41, 16, 32, 16, , 
2018/3/14, 44, 10, 30, 13, 1, 
2018/3/15, 32, 21, 28, 14, 1, 
2018/3/16, 45, 23, 2, 27, , 
2018/3/17, 73, 24, 21, 9, , 
2018/3/18, 83, 34, 19, 14, , 
2018/3/19, 97, 27, 27, 17, , 
2018/3/20, 66, 24, 28, 15, 1, 
2018/3/21, 54, 22, 28, 18, 1, 
2018/3/22, 57, 18, 29, 12, , 
2018/3/23, 50, 21, 28, 12, , 
2018/3/24, 65, 33, 29, 24, 1, 
2018/3/25, 94, 29, 30, 15, , 
2018/3/26, 77, 18, 25, 19, 1, 
2018/3/27, 51, 8, 34, 12, 1, 
2018/3/28, 21, 11, 34, 14, , 
2018/3/29, 31, 10, 29, 15, , 
2018/3/30, 33, 11, 29, 14, , 
2018/3/31, 33, 12, 31, 7, , 
2017/10/18, 53, 25, 23, 15, , 
2017/10/19, 53, 13, 26, 9, , 
2017/10/20, 24, 16, 25, 10, 1, 
2017/10/21, 26, 12, 27, 4, , 
2017/10/22, 25, 11, 20, 11, 1, 
2017/10/23, 21, 8, 13, 13, 1, 
2017/10/24, 20, 12, 15, 12, , 
2017/10/25, 28, 23, 1, 17, , 
2017/10/26, 56, 24, 16, 17, , 
2017/10/27, 59, 16, 20, 18, , 
2017/10/28, 37, 11, 23, 6, 1, 
2017/10/29, 22, 16, 20, 13, , 
2017/10/30, 29, 26, 6, 26, 2, 
2017/10/31, 56, 27, 12, 19, 1, 
2017/11/1, 66, 28, 7, 20, 1, 
2017/11/2, 67, 33, 10, 20, 1, 
2017/11/3, 75, 16, 18, 12, , 
2017/11/4, 50, 9, 27, 9, 1, 
2017/11/5, 22, 17, 16, 18, , 
2017/11/6, 41, 33, 5, 34, 1, 
2017/11/7, 67, 44, 1, 31, 1, 
2017/11/8, 93, 29, 9, 23, 1, 
2017/11/9, 66, 12, 16, 16, 1, 
2017/11/10, 29, 10, 19, 9, 1, 
2017/11/11, 24, 5, 26, 6, 1, 
2017/11/12, 13, 14, 21, 10, 1, 
2017/11/13, 26, 21, 11, 23, , 
2017/11/14, 39, 29, 1, 18, 1, 
2017/11/15, 73, 26, 3, 23, 1, 
2017/11/16, 65, 39, 1, 22, 2, 
2017/11/17, 90, 21, 9, 22, , 
2017/11/18, 54, 13, 21, 10, , 
2017/11/19, 37, 24, 4, 23, , 
2017/11/20, 62, 17, 9, 17, 1, 
2017/11/21, 47, 20, 15, 13, 1, 
2017/11/22, 55, 18, 23, 10, 1, 
2017/11/23, 37, 15, 17, 19, 1, 
2017/11/24, 37, 10, 18, 12, , 
2017/11/25, 27, 9, 22, 8, , 
2017/11/26, 24, 12, 16, 14, 1, 
2017/11/27, 31, 8, 23, 15, , 
2017/11/28, 15, 14, 9, 22, 1, 
2017/11/29, 41, 12, 18, 17, , 
2017/11/30, 31, 13, 16, 19, , 
2017/12/1, 39, 34, 4, 21, , 
2017/12/2, 92, 28, 4, 16, , 
2017/12/3, 83, 38, 6, 19, , 
2017/12/4, 90, 33, 1, 28, 1, 
2017/12/5, 72, 28, 2, 17, , 
2017/12/6, 71, 13, 18, 10, , 
2017/12/7, 47, 12, 21, 13, , 
2017/12/8, 24, 9, 21, 12, , 
2017/12/9, 26, 13, 25, 7, , 
2017/12/10, 35, 9, 23, 10, 1, 
2017/12/11, 22, 16, 20, 17, , 
2017/12/12, 34, 12, 15, 15, 1, 
2017/12/13, 34, 13, 30, 12, 1, 
2017/12/14, 22, 8, 23, 15, , 
2017/12/15, 25, 13, 20, 12, , 
2017/12/16, 32, 13, 13, 16, 1, 
2017/12/17, 42, 17, 17, 13, 1, 
2017/12/18, 39, 33, 7, 25, 1, 
2017/12/19, 60, 27, 3, 22, 1, 
2017/12/20, 63, 10, 4, 21, 1, 
2017/12/21, 35, 9, 19, 18, 1, 
2017/12/22, 24, 12, 13, 20, , 
2017/12/23, 41, 8, 16, 10, , 
2017/12/24, 32, 6, 19, 6, , 
2017/12/25, 24, 9, 20, 8, , 
2017/12/26, 32, 6, 25, 7, , 
2017/12/27, 24, 12, 21, 12, , 
2017/12/28, 31, 17, 20, 16, 1, 
2017/12/29, 54, 11, 25, 7, 1, 
2017/12/30, 27, 17, 22, 5, 1, 
2017/12/31, 36, 12, 30, 3, , 
2017/4/1, 25, 13, , 14, , 
2017/4/2, 32, 28, , 24, , 
2017/4/3, 60, 29, , 21, 1, 
2017/4/4, 57, 27, , 10, 1, 
2017/4/5, 62, 27, , 12, , 
2017/4/6, 46, 39, , 20, 1, 
2017/4/7, 72, 37, , 17, 1, 
2017/4/8, 87, 26, , 22, 1, 
2017/4/9, 59, 22, , 9, 1, 
2017/4/10, 51, 19, , 17, , 
2017/4/11, 35, 18, , 13, 1, 
2017/4/12, 32, 21, , 14, , 
2017/4/13, 44, 20, , 14, 1, 
2017/4/14, 44, 13, , 9, 1, 
2017/4/15, 32, 12, , 7, , 
2017/4/16, 34, 12, , 7, 1, 
2017/4/17, 32, 14, , 14, 1, 
2017/4/18, 30, 21, 23, 12, , 
2017/4/19, 52, 20, 36, 17, , 
2017/4/20, 51, 28, 32, 24, 1, 
2017/4/21, 64, 24, 26, 15, 1, 
2017/4/22, 55, 15, 37, 7, , 
2017/4/23, 32, 22, 36, 17, 1, 
2017/4/24, 42, 15, 29, 11, 1, 
2017/4/25, 32, 14, 29, 15, , 
2017/4/26, 34, 17, 32, 15, , 
2017/4/27, 34, 17, 26, 20, , 
2017/4/28, 47, 17, 39, 10, 1, 
2017/4/29, 47, 11, 41, 5, 1, 
2017/4/30, 25, 13, 35, 4, , 
2017/5/1, 24, 15, 32, 11, 1, 
2017/5/2, 35, 25, 21, 21, 1, 
2017/5/3, 70, 29, 26, 20, , 
2017/5/4, 76, 30, 37, 9, 1, 
2017/5/5, 81, 18, 24, 11, , 
2017/5/6, 58, 20, 31, 8, , 
2017/5/7, 59, 17, 29, 7, , 
2017/5/8, 44, 23, 39, 11, , 
2017/5/9, 46, 18, 44, 13, , 
2017/5/10, 39, 13, 34, 12, 1, 
2017/5/11, 30, 12, 31, 12, , 
2017/5/12, 28, 12, 35, 9, , 
2017/5/13, 33, 10, 33, 6, , 
2017/5/14, 24, 13, 34, 15, , 
2017/5/15, 27, 15, 37, 14, , 
2017/5/16, 27, 17, 46, 10, , 
2017/5/17, 34, 7, 24, 7, , 
2017/5/18, 20, 10, 31, 7, , 
2017/5/19, 24, 9, 30, 8, , 
2017/5/20, 23, 9, 36, 7, , 
2017/5/21, 29, 13, 43, 12, 1, 
2017/5/22, 32, 14, 31, 8, , 
2017/5/23, 34, 16, 35, 11, , 
2017/5/24, 38, 13, 39, 6, , 
2017/5/25, 28, 15, 42, 5, , 
2017/5/26, 33, 15, 50, 8, 1, 
2017/5/27, 42, 16, 46, 7, , 
2017/5/28, 47, 17, 42, 13, , 
2017/5/29, 45, 12, 30, 7, , 
2017/5/30, 30, 13, 32, 11, , 
2017/5/31, 30, 21, 52, 12, , 
2017/6/1, 43, 20, 36, 18, , 
2017/6/2, 46, 14, 22, 9, , 
2017/6/3, 34, 13, 32, 9, , 
2017/6/4, 28, 13, 34, 7, , 
2017/6/5, 24, 14, 25, 4, , 
2017/6/6, 22, 16, 26, 8, , 
2017/6/7, 26, 15, 32, 11, , 
2017/6/8, 28, 15, 29, 10, , 
2017/6/9, 25, 17, 42, 13, , 
2017/6/10, 37, 17, 47, 9, , 
2017/6/11, 37, 16, 31, 6, , 
2017/6/12, 29, 16, 33, 12, , 
2017/6/13, 40, 20, 21, 14, , 
2017/6/14, 49, , , , , 
2017/1/2, 68, 22, , 23, , 
2017/1/3, 65, 17, , 19, 1, 
2017/1/4, 44, 25, , 25, , 
2017/1/5, 51, 29, , 21, 1, 
2017/1/6, 72, 34, , 21, 1, 
2017/1/7, 91, 25, , 21, 1, 
2017/1/8, 71, 13, , 15, , 
2017/1/9, 47, 17, , 22, , 
2017/1/10, 33, 19, , 15, , 
2017/1/11, 33, 27, , 17, , 
2017/1/12, 40, , , , , 
2017/1/16, 86, 32, , 19, , 
2017/1/17, 81, 23, , 16, , 
2017/1/18, 64, 34, , 19, 1, 
2017/1/19, 89, 39, , 22, 1, 
2017/1/20, 99, 64, , 27, 2, 
2017/1/21, 152, 60, , 30, 2, 
2017/1/22, 152, 64, , 32, 2, 
2017/1/23, 157, 47, , 27, 2, 
2017/1/24, 121, 32, , 12, , 
2017/1/25, 88, 55, , 17, , 
2017/1/26, 140, 32, , 22, 1, 
2017/1/27, 81, 17, , 17, 1, 
2017/1/28, 45, 12, , 11, , 
2017/1/29, 44, 12, , 18, , 
2017/1/30, 34, 16, , 21, , 
2017/1/31, 48, 16, , 14, , 
2017/2/1, 46, 13, , 14, , 
2017/2/2, 34, 12, , 9, , 
2017/2/3, 19, 10, , 14, , 
2017/2/4, 27, 11, , 12, , 
2017/2/5, 25, 17, , 16, , 
2017/2/6, 39, 20, , 22, , 
2017/2/7, 43, 24, , 18, , 
2017/2/8, 55, 35, , 18, , 
2017/2/9, 87, 37, , 18, , 
2017/2/10, 98, 54, , 19, , 
2017/2/11, 139, 38, , 15, 1, 
2017/2/12, 102, 32, , 9, , 
2017/2/13, 86, 34, , 16, , 
2017/2/14, 88, 29, , 24, 1, 
2017/2/15, 57, 32, , 32, , 
2017/2/16, 76, 38, , 29, , 
2017/2/17, 87, 30, , 20, , 
2017/2/18, 78, 31, , 18, , 
2017/2/19, 82, 17, , 15, , 
2017/2/20, 46, 8, , 9, , 
2017/2/21, 20, 13, , 10, , 
2017/2/22, 31, 14, , 8, , 
2017/2/23, 26, 18, , 17, , 
2017/2/24, 37, 22, , 20, , 
2017/2/25, 55, 13, , 7, , 
2017/2/26, 38, 8, , 7, , 
2017/2/27, 18, 8, , 9, , 
2017/2/28, 15, 12, , 12, 1, 
2017/3/1, 27, 24, , 16, , 
2017/3/2, 44, 16, , 16, , 
2017/3/3, 39, 9, , 14, , 
2017/3/4, 27, 10, , 4, , 
2017/3/5, 24, 15, , 14, , 
2017/3/6, 30, 19, , 18, 1, 
2017/3/7, 40, 9, , 12, 1, 
2017/3/8, 29, 12, , 14, , 
2017/3/9, 31, 26, , 17, , 
2017/3/10, 68, 21, , 21, , 
2017/3/11, 57, 31, , 20, 1, 
2017/3/12, 80, 32, , 14, , 
2017/3/13, 80, 23, , 17, , 
2017/3/14, 55, 23, , 18, , 
2017/3/15, 53, 33, , 25, , 
2017/3/16, 72, 18, , 10, , 
2017/3/17, 48, 11, , 5, , 
2017/3/18, 29, 16, , 6, , 
2017/3/19, 33, 11, , 10, , 
2017/3/20, 21, 15, , 16, , 
2017/3/21, 33, 12, , 12, , 
2017/3/22, 28, 13, , 12, , 
2017/3/23, 39, 25, , 19, , 
2017/3/24, 71, 23, , 7, , 
2017/3/25, 63, 19, , 10, , 
2017/3/26, 52, 30, , 20, , 
2017/3/27, 72, 26, , 22, , 
2017/3/28, 50, 18, , 24, , 
2017/3/29, 34, 19, , 19, , 
2017/3/30, 39, 15, , 15, , 
2017/3/31, 32, 11, , 10, , 
2016/10/1, 17, 10, , 7, , 
2016/10/2, 12, 19, , 21, 1, 
2016/10/3, 40, 17, , 14, 1, 
2016/10/4, 27, 15, , 7, , 
2016/10/5, 21, 12, , 9, 1, 
2016/10/6, 21, 15, , 11, , 
2016/10/7, 38, 22, , 14, 2, 
2016/10/8, 56, 18, , 18, 1, 
2016/10/9, 49, 29, , 30, 1, 
2016/10/10, 62, 22, , 21, 1, 
2016/10/11, 59, 33, , 17, 1, 
2016/10/12, 80, 20, , 12, , 
2016/10/13, 52, 18, , 14, 1, 
2016/10/14, 52, 18, , 12, , 
2016/10/15, 54, 13, , 12, , 
2016/10/16, 34, 11, , 17, , 
2016/10/17, 21, 16, , 19, , 
2016/10/18, 31, 13, , 16, , 
2016/10/19, 26, 13, , 15, , 
2016/10/20, 27, 14, , 19, 1, 
2016/10/21, 34, 23, , 21, 1, 
2016/10/22, 62, 16, , 12, 1, 
2016/10/23, 50, 20, , 17, , 
2016/10/24, 56, 27, , 16, , 
2016/10/25, 69, 26, , 19, 1, 
2016/10/26, 68, 34, , 22, 1, 
2016/10/27, 82, 37, , 28, 1, 
2016/10/28, 82, 15, , 11, 1, 
2016/10/29, 40, 21, , 12, , 
2016/10/30, 51, 16, , 16, 1, 
2016/10/31, 41, 23, , 18, , 
2016/11/1, 60, 24, , 19, 1, 
2016/11/2, 50, 24, , 26, 2, 
2016/11/3, 53, 27, , 21, 1, 
2016/11/4, 67, 18, , 15, 1, 
2016/11/5, 46, 15, , 13, 1, 
2016/11/6, 44, 11, , 16, , 
2016/11/7, 35, 16, , 20, 1, 
2016/11/8, 46, 13, , 13, 1, 
2016/11/9, 29, 9, , 16, , 
2016/11/10, 18, 12, , 12, , 
2016/11/11, 32, 37, , 19, 1, 
2016/11/12, 95, 14, , 13, 1, 
2016/11/13, 46, 22, , 16, , 
2016/11/14, 59, 18, , 18, 1, 
2016/11/15, 56, 9, , 14, , 
2016/11/16, 24, 8, , 12, , 
2016/11/17, 18, 10, , 11, , 
2016/11/18, 20, 11, , 12, , 
2016/11/19, 24, 11, , 7, , 
2016/11/20, 23, 10, , 13, , 
2016/11/21, 26, 17, , 14, , 
2016/11/22, 31, 20, , 22, 1, 
2016/11/23, 49, 24, , 21, 1, 
2016/11/24, 50, 27, , 17, , 
2016/11/25, 70, 27, , 15, 1, 
2016/11/26, 75, 30, , 16, 1, 
2016/11/27, 80, 16, , 10, 1, 
2016/11/28, 37, 18, , 16, , 
2016/11/29, 44, 45, , 36, 2, 
2016/11/30, 97, 81, , 68, 4, 
2016/12/1, 162, 76, , 50, 3, 
2016/12/2, 157, 30, , 17, 1, 
2016/12/3, 73, 22, , 16, 1, 
2016/12/4, 67, 43, , 21, 2, 
2016/12/5, 103, 56, , 26, 2, 
2016/12/6, 133, 54, , 25, 1, 
2016/12/7, 133, 48, , 25, 2, 
2016/12/8, 116, 36, , 26, 2, 
2016/12/9, 88, 29, , 21, 1, 
2016/12/10, 82, 18, , 15, 1, 
2016/12/11, 51, 15, , 16, , 
2016/12/12, 45, 22, , 20, , 
2016/12/13, 60, 32, , 22, 1, 
2016/12/14, 77, 42, , 21, 1, 
2016/12/15, 103, 35, , 20, 1, 
2016/12/16, 81, 39, , 24, 2, 
2016/12/17, 97, 18, , 14, , 
2016/12/18, 59, 17, , 14, , 
2016/12/19, 54, 24, , 14, , 
2016/12/20, 69, 23, , 16, 1, 
2016/12/21, 69, 15, , 17, 1, 
2016/12/22, 42, 17, , 22, , 
2016/12/23, 49, 15, , 13, , 
2016/12/24, 34, 19, , 9, , 
2016/12/25, 40, 9, , 14, , 
2016/12/26, 21, 31, , 29, , 
2016/12/27, 63, 29, , 25, , 
2016/12/28, 66, 33, , 18, 1, 
2016/12/29, 85, 34, , 24, 1, 
2016/12/30, 97, 25, , 16, , 
2016/12/31, 75, 20, , 9, 1, 
2017/1/1, 66, 22, , 21, , 
2016/7/1, 13, 6, , 4, , 
2016/7/2, 13, 5, , 5, , 
2016/7/3, 19, 9, , 6, , 
2016/7/4, 25, 6, , 9, , 
2016/7/5, 31, 13, , 13, , 
2016/7/6, 39, 16, , 14, , 
2016/7/7, 39, 26, , 14, 1, 
2016/7/8, 43, 7, , 5, 1, 
2016/7/9, 29, 14, , 10, 1, 
2016/7/10, 36, 9, , 4, , 
2016/7/11, 17, 9, , 11, , 
2016/7/12, 25, 7, , 8, , 
2016/7/13, 24, 6, , 5, , 
2016/7/14, 24, 7, , 8, , 
2016/7/15, 23, 7, , 8, 1, 
2016/7/16, 23, 6, , 9, 1, 
2016/7/17, 30, 7, , 8, 1, 
2016/7/18, 19, 12, , 8, 1, 
2016/7/19, 33, , , 12, , 
2016/7/22, 26, 13, , 6, , 
2016/7/23, 40, 8, , 5, , 
2016/7/24, 28, 11, , 10, 1, 
2016/7/25, 34, 12, , 6, 1, 
2016/7/26, 33, 10, , 8, , 
2016/7/27, 31, 5, , 5, 1, 
2016/7/28, 14, 5, , 6, 1, 
2016/7/29, 17, 6, , 7, , 
2016/7/30, 18, 5, , 6, 2, 
2016/7/31, 23, 8, , 7, 1, 
2016/8/1, 24, 10, , 10, 1, 
2016/8/2, 34, 12, , 8, , 
2016/8/3, 29, 8, , 5, , 
2016/8/4, 27, 11, , 6, , 
2016/8/5, 33, 10, , 8, , 
2016/8/6, 32, 11, , 11, , 
2016/8/7, 29, 10, , 4, , 
2016/8/8, 27, , , 6, 1, 
2016/8/9, 33, 19, , 7, 1, 
2016/8/10, 30, 16, , 11, 1, 
2016/8/11, 29, 17, , 5, , 
2016/8/12, 35, 19, , 12, 1, 
2016/8/13, 39, 12, , 7, , 
2016/8/14, 22, 17, , 6, 1, 
2016/8/15, 41, 26, , 12, 1, 
2016/8/16, 49, 28, , 13, 1, 
2016/8/17, 49, 18, , 19, 1, 
2016/8/18, 44, 18, , 11, 1, 
2016/8/19, 40, 14, , 6, , 
2016/8/20, 22, 14, , 3, , 
2016/8/21, 22, 15, , 12, , 
2016/8/22, 32, 17, , 13, 1, 
2016/8/23, 25, 15, , 11, 1, 
2016/8/24, 27, 23, , 18, 1, 
2016/8/25, 41, 33, , 27, 1, 
2016/8/26, 59, 35, , 12, , 
2016/8/27, 80, 18, , 13, , 
2016/8/28, 39, 13, , 7, , 
2016/8/29, 22, 17, , 11, , 
2016/8/30, 40, 21, , 18, 1, 
2016/8/31, 41, 15, , 12, , 
2016/9/1, 27, 25, , 15, , 
2016/9/2, 43, 17, , 12, 1, 
2016/9/3, 32, 12, , 9, 1, 
2016/9/4, 25, 12, , 13, , 
2016/9/5, 34, 12, , 13, , 
2016/9/6, 36, 16, , 16, , 
2016/9/7, 33, 23, , 23, , 
2016/9/8, 46, 23, , 17, , 
2016/9/9, 39, 20, , 23, 1, 
2016/9/10, 40, 12, , 10, 1, 
2016/9/11, 26, 22, , 18, 1, 
2016/9/12, 46, 27, , 20, , 
2016/9/13, 50, 23, , 11, 1, 
2016/9/14, 37, 13, , 12, , 
2016/9/15, 32, 12, , 12, , 
2016/9/16, 29, 12, , 8, , 
2016/9/17, 30, 14, , 10, 1, 
2016/9/18, 42, 19, , 15, 1, 
2016/9/19, 58, 22, , 20, 1, 
2016/9/20, 57, 28, , 23, 1, 
2016/9/21, 68, 28, , 26, , 
2016/9/22, 65, 25, , 28, 1, 
2016/9/23, 60, 19, , 20, , 
2016/9/24, 53, 15, , 12, 1, 
2016/9/25, 40, 21, , 18, , 
2016/9/26, 41, 19, , 15, , 
2016/9/27, 35, 16, , 18, 1, 
2016/9/28, 31, 12, , 12, , 
2016/9/29, 14, 17, , 15, , 
2016/9/30, 29, 11, , 11, , 
2016/4/1, 68, 23, , 18, , 
2016/4/2, 66, 16, , 12, , 
2016/4/3, 38, 6, , 9, , 
2016/4/4, 10, 12, , 17, 1, 
2016/4/5, 19, 15, , 16, , 
2016/4/6, 34, 10, , 9, , 
2016/4/7, 20, 13, , 14, , 
2016/4/8, 22, 15, , 20, , 
2016/4/9, 40, 13, , 12, 1, 
2016/4/10, 41, 9, , 14, 1, 
2016/4/11, 21, 10, , 19, 1, 
2016/4/12, 28, 8, , 13, 1, 
2016/4/13, 19, 10, , 18, , 
2016/4/14, 22, 10, , 12, 3, 
2016/4/15, 15, 10, , 7, , 
2016/4/16, 13, 11, , 6, , 
2016/4/17, 29, 13, , 17, 1, 
2016/4/18, 32, 17, , 17, 1, 
2016/4/19, 38, 23, , 8, 2, 
2016/4/20, 48, 20, , 13, 1, 
2016/4/21, 31, 40, , 30, 1, 
2016/4/22, 69, 25, , 12, 1, 
2016/4/23, 61, 11, , 9, 1, 
2016/4/24, 26, 15, , 13, , 
2016/4/25, 27, 10, , 10, , 
2016/4/26, 24, 10, , 13, 1, 
2016/4/27, 28, 13, , 17, 1, 
2016/4/28, 33, 12, , 15, 1, 
2016/4/29, 28, 9, , 11, 1, 
2016/4/30, 28, 13, , 8, , 
2016/5/1, 27, 12, , 16, 1, 
2016/5/2, 33, 13, , 8, , 
2016/5/3, 24, 16, , 11, 1, 
2016/5/4, 27, 15, , 6, 1, 
2016/5/5, 33, 14, , 11, 1, 
2016/5/6, 28, 15, , 14, 1, 
2016/5/7, 32, 15, , 8, 1, 
2016/5/8, 28, 10, , 7, 1, 
2016/5/9, 20, 7, , 11, , 
2016/5/10, 13, 9, , 15, , 
2016/5/11, 29, 13, , 21, , 
2016/5/12, 34, 46, , 16, , 
2016/5/13, 111, 24, , 6, , 
2016/5/14, 39, 17, , 8, 1, 
2016/5/15, 34, 16, , 11, , 
2016/5/16, 38, 18, , 13, 1, 
2016/5/17, 37, 15, , 11, 1, 
2016/5/18, 32, 12, , 9, 1, 
2016/5/19, 23, 8, , 14, 1, 
2016/5/20, 23, 8, , 8, , 
2016/5/21, 22, 7, , 11, 1, 
2016/5/22, 23, 7, , 9, , 
2016/5/23, 16, 14, , 10, , 
2016/5/24, 32, 20, , 10, , 
2016/5/25, 36, 19, , 12, , 
2016/5/26, 46, 18, , 17, , 
2016/5/27, 49, 14, , 19, , 
2016/5/28, 41, 35, , 11, , 
2016/5/29, 96, 16, , 11, , 
2016/5/30, 53, 4, , 12, 1, 
2016/5/31, 13, 19, , 13, , 
2016/6/1, 56, 12, , 9, , 
2016/6/2, 36, 10, , 12, , 
2016/6/3, 33, 16, , 10, , 
2016/6/4, 51, 24, , 9, , 
2016/6/5, 69, 34, , 22, , 
2016/6/6, 97, 27, , 18, , 
2016/6/7, 70, 33, , 11, , 
2016/6/8, 75, 23, , 11, , 
2016/6/9, 59, 21, , 11, , 
2016/6/10, 42, 10, , 10, , 
2016/6/11, 27, 13, , 8, , 
2016/6/12, 31, 10, , 7, , 
2016/6/13, 15, 9, , 6, , 
2016/6/14, 13, 7, , 8, , 
2016/6/15, 9, 7, , 13, 1, 
2016/6/16, 15, 9, , 11, , 
2016/6/17, 19, 9, , 9, , 
2016/6/18, 24, 14, , 6, , 
2016/6/19, 35, 6, , 10, , 
2016/6/20, 19, 5, , 7, , 
2016/6/21, 15, 8, , 14, , 
2016/6/22, 14, , , 11, 1, 
2016/6/29, 19, 8, , 6, , 
2016/6/30, 18, 6, , 7, 1, 
2016/1/4, 27, 12, , 12, , 
2016/1/5, 28, 14, , 14, , 
2016/1/6, 32, 14, , 11, , 
2016/1/7, 32, 21, , 19, , 
2016/1/8, 47, 15, , 13, , 
2016/1/9, 40, 9, , 8, , 
2016/1/10, 19, 9, , 10, , 
2016/1/11, 23, 10, , 8, , 
2016/1/12, 19, 25, , 13, , 
2016/1/13, 36, 49, , 15, , 
2016/1/14, 38, 23, , 9, , 
2016/1/15, 27, , , 16, 1, 
2016/1/16, 50, , , , , 
2016/1/17, 63, 24, , 15, , 
2016/1/18, 55, 41, , 25, 1, 
2016/1/19, 96, 52, , 22, 2, 
2016/1/20, 128, 46, , 22, 1, 
2016/1/21, 119, 33, , 21, , 
2016/1/22, 92, 20, , 15, , 
2016/1/23, 51, 23, , 14, , 
2016/1/24, 60, 23, , 17, , 
2016/1/25, 61, 24, , 15, , 
2016/1/26, 54, 15, , 8, , 
2016/1/27, 30, 22, , 19, , 
2016/1/28, 38, 21, , 21, , 
2016/1/29, 47, 9, , 6, , 
2016/1/30, 19, 8, , 8, , 
2016/1/31, 24, 12, , 10, , 
2016/2/1, 25, 11, , 12, , 
2016/2/2, 18, 16, , 11, , 
2016/2/3, 28, 15, , 14, , 
2016/2/4, 32, 11, , 14, , 
2016/2/5, 32, 14, , 11, , 
2016/2/6, 37, 10, , 4, , 
2016/2/7, 22, 7, , 6, 1, 
2016/2/8, 18, 9, , 8, , 
2016/2/9, 24, 10, , 9, , 
2016/2/10, 25, 15, , 15, , 
2016/2/11, 38, 10, , 13, , 
2016/2/12, 39, 13, , 15, , 
2016/2/13, 42, 10, , 9, , 
2016/2/14, 28, 15, , 10, , 
2016/2/15, 41, 19, , 15, , 
2016/2/16, 48, 34, , 25, , 
2016/2/17, 78, 34, , 24, , 
2016/2/18, 87, 19, , 21, 1, 
2016/2/19, 49, 7, , 9, 1, 
2016/2/20, 23, 4, , 6, 1, 
2016/2/21, 14, 11, , 10, , 
2016/2/22, 24, 9, , 14, , 
2016/2/23, 27, 27, , 22, , 
2016/2/24, 68, 28, , 22, 1, 
2016/2/25, 70, 43, , 28, 1, 
2016/2/26, 102, 29, , 13, , 
2016/2/27, 82, 31, , 12, 1, 
2016/2/28, 84, 26, , 14, , 
2016/2/29, 70, 26, , 22, , 
2016/3/1, 66, 11, , 9, , 
2016/3/2, 25, 14, , 11, , 
2016/3/3, 33, 10, , 16, , 
2016/3/4, 41, 11, , 14, , 
2016/3/5, 41, 16, , 11, , 
2016/3/6, 42, 15, , 17, , 
2016/3/7, 44, 17, , 17, , 
2016/3/8, 44, 12, , 12, 1, 
2016/3/9, 39, 17, , 18, , 
2016/3/10, 48, 42, , 20, , 
2016/3/11, 110, 45, , 20, , 
2016/3/12, 118, 35, , 13, , 
2016/3/13, 96, 26, , 11, , 
2016/3/14, 73, 32, , 20, , 
2016/3/15, 80, 30, , 11, , 
2016/3/16, 81, 31, , 15, , 
2016/3/17, 82, 56, , 23, 1, 
2016/3/18, 140, 28, , 12, , 
2016/3/19, 81, 24, , 7, , 
2016/3/20, 67, 20, , 14, , 
2016/3/21, 51, 25, , 16, , 
2016/3/22, 64, 26, , 17, 1, 
2016/3/23, 68, 31, , 17, , 
2016/3/24, 77, 21, , 19, , 
2016/3/25, 63, 13, , 14, , 
2016/3/26, 40, 8, , 5, , 
2016/3/27, 23, 8, , 4, , 
2016/3/28, 19, 13, , 11, , 
2016/3/29, 25, 11, , 18, , 
2016/3/30, 27, 12, , 16, , 
2016/3/31, 23, 28, , 14, , 
2015/10/1, 43, 19, , 21, 1, 
2015/10/2, 51, 30, , 29, 1, 
2015/10/3, 75, 27, , 15, 1, 
2015/10/4, 79, 11, , 14, , 
2015/10/5, 37, 8, , 9, , 
2015/10/6, 26, 11, , 9, , 
2015/10/7, 21, 13, , 17, , 
2015/10/8, 31, 18, , 20, , 
2015/10/9, 48, 21, , 10, , 
2015/10/10, 53, 23, , 9, , 
2015/10/11, 70, 33, , 18, , 
2015/10/12, 85, 31, , 15, , 
2015/10/13, 78, 27, , 18, , 
2015/10/14, 74, 18, , 16, , 
2015/10/15, 62, 25, , 15, , 
2015/10/16, 79, 22, , 18, , 
2015/10/17, 64, 15, , 11, , 
2015/10/18, 57, 31, , 22, 1, 
2015/10/19, 88, 31, , 22, , 
2015/10/20, 87, 17, , 19, , 
2015/10/21, 49, 9, , 16, , 
2015/10/22, 29, 14, , 22, , 
2015/10/23, 36, 14, , 11, , 
2015/10/24, 45, 14, , 10, , 
2015/10/25, 45, 19, , 12, , 
2015/10/26, 63, 20, , 19, , 
2015/10/27, 60, 13, , 18, , 
2015/10/28, 44, 14, , 16, , 
2015/10/29, 41, 15, , 12, , 
2015/10/30, 50, 24, , 11, , 
2015/10/31, 76, 30, , 19, 1, 
2015/11/1, 86, 23, , 14, , 
2015/11/2, 74, 15, , 18, , 
2015/11/3, 53, 10, , 16, , 
2015/11/4, 34, 15, , 16, , 
2015/11/5, 48, 6, , 11, , 
2015/11/6, 22, 10, , 11, , 
2015/11/7, 36, 13, , 11, , 
2015/11/8, 48, 14, , 13, , 
2015/11/9, 34, 14, , 18, , 
2015/11/10, 37, 17, , 12, , 
2015/11/11, 61, 24, , 20, , 
2015/11/12, 69, 14, , 13, , 
2015/11/13, 41, 12, , 14, , 
2015/11/14, 26, 11, , 7, , 
2015/11/15, 31, 14, , 10, , 
2015/11/16, 40, 5, , 11, , 
2015/11/17, 20, 14, , 41, , 
2015/11/18, 34, 7, , 7, , 
2015/11/19, 21, 5, , 14, , 
2015/11/20, 21, 5, , 5, , 
2015/11/21, 19, 9, , 10, , 
2015/11/22, 34, 19, , 24, 1, 
2015/11/23, 56, 15, , 19, , 
2015/11/24, 55, 8, , 17, , 
2015/11/25, 23, 25, , 29, 1, 
2015/11/26, 59, 28, , 21, , 
2015/11/27, 84, 10, , 11, , 
2015/11/28, 26, 12, , 4, , 
2015/11/29, 30, 8, , 9, , 
2015/11/30, 21, 14, , 19, , 
2015/12/1, 35, 16, , 27, , 
2015/12/2, 45, 25, , 21, 1, 
2015/12/3, 69, 18, , 20, , 
2015/12/4, 49, 17, , 15, , 
2015/12/5, 58, 17, , 10, , 
2015/12/6, 61, 20, , 21, , 
2015/12/7, 64, 14, , 20, , 
2015/12/8, 54, 17, , 21, , 
2015/12/9, 46, 8, , 12, , 
2015/12/10, 82, 86, , 15, , 
2015/12/11, 88, 17, , 13, , 
2015/12/12, 40, 18, , 9, , 
2015/12/13, 56, 29, , 14, , 
2015/12/14, 74, 97, , 18, , 
2015/12/15, 62, 94, , 15, , 
2015/12/16, 64, 27, , 17, , 
2015/12/17, 52, 41, , 15, , 
2015/12/18, 73, , , 16, , 
2015/12/19, 72, 20, , 9, , 
2015/12/20, 50, 17, , 8, , 
2015/12/21, 25, 15, , 10, , 
2015/12/22, 34, 20, , 16, , 
2015/12/23, 43, 20, , 10, , 
2015/12/24, 50, 16, , 8, , 
2015/12/25, 44, 21, , 14, , 
2015/12/26, 57, 23, , 14, , 
2015/12/27, 66, 24, , 17, , 
2015/12/28, 67, 16, , 17, 5, 
2015/12/29, 42, 15, , 13, , 
2015/12/30, 36, , , , , 
2016/1/2, 32, 10, , 6, , 
2016/1/3, 23, 17, , 13, , 
2015/7/1, 54, 26, , 11, , 
2015/7/2, 63, 23, , 9, 1, 
2015/7/3, 51, 26, , 18, , 
2015/7/4, 64, 11, , 5, , 
2015/7/5, 29, 15, , 14, , 
2015/7/6, 36, 26, , 18, , 
2015/7/7, 38, 16, , 3, , 
2015/7/8, 21, 14, , 7, , 
2015/7/9, 35, 15, , 10, 1, 
2015/7/10, 38, 16, , 12, 1, 
2015/7/11, 39, 11, , 5, 1, 
2015/7/12, 27, 9, , 4, , 
2015/7/13, 23, 8, , 3, , 
2015/7/14, 26, 13, , 8, 1, 
2015/7/15, 36, 16, , 8, , 
2015/7/16, 35, 17, , 7, , 
2015/7/17, 37, 9, , 5, , 
2015/7/18, 28, 10, , 4, , 
2015/7/19, 32, 7, , 7, , 
2015/7/20, 17, 11, , 8, , 
2015/7/21, 21, 12, , 6, , 
2015/7/22, 26, 12, , 7, 1, 
2015/7/23, 28, 19, , 8, 1, 
2015/7/24, 27, 8, , 3, , 
2015/7/25, 20, 9, , 12, , 
2015/7/26, 33, 8, , 5, , 
2015/7/27, 15, 10, , 4, , 
2015/7/28, 20, 9, , 5, , 
2015/7/29, 21, 10, , 8, , 
2015/7/30, 24, 13, , 9, , 
2015/7/31, 34, 16, , 9, 1, 
2015/8/1, 38, 16, , 6, 1, 
2015/8/2, 37, 16, , 14, 1, 
2015/8/3, 42, 12, , 7, , 
2015/8/4, 26, 15, , 14, 1, 
2015/8/5, 30, 14, , 12, , 
2015/8/6, 31, 20, , 11, 1, 
2015/8/7, 36, 13, , 9, 1, 
2015/8/8, 33, 16, , 8, 1, 
2015/8/9, 50, 11, , 7, , 
2015/8/10, 25, 13, , 5, , 
2015/8/11, 28, 23, , 8, 1, 
2015/8/12, 58, 22, , 7, , 
2015/8/13, 57, 11, , 9, , 
2015/8/14, 29, , , , , 
2015/8/16, 30, , , 10, 3, 
2015/8/19, 33, 11, , 10, , 
2015/8/20, 40, 12, , 9, 1, 
2015/8/21, 38, 12, , 8, 1, 
2015/8/22, 36, 8, , 6, 1, 
2015/8/23, 26, 6, , 5, , 
2015/8/24, 17, 9, , 7, , 
2015/8/25, 19, 8, , 6, , 
2015/8/26, 23, 4, , 14, , 
2015/8/27, 9, 9, , 16, 1, 
2015/8/28, 36, 11, , 10, 1, 
2015/8/29, 38, 16, , 13, , 
2015/8/30, 47, 18, , 8, 1, 
2015/8/31, 49, 7, , 7, , 
2015/9/1, 20, 11, , 12, 2, 
2015/9/2, 36, 10, , 11, 1, 
2015/9/3, 26, 9, , 10, 1, 
2015/9/4, 22, 8, , 8, 1, 
2015/9/5, 30, 11, , 5, 1, 
2015/9/6, 23, 16, , 15, 1, 
2015/9/7, 41, 12, , 9, 1, 
2015/9/8, 35, 12, , 8, 1, 
2015/9/9, 34, 14, , 12, 1, 
2015/9/10, 37, 17, , 16, 2, 
2015/9/11, 39, 11, , 14, , 
2015/9/12, 41, 9, , 10, , 
2015/9/13, 35, 6, , 7, , 
2015/9/14, 19, 6, , 7, , 
2015/9/15, 17, 6, , 8, , 
2015/9/16, 21, 12, , 11, , 
2015/9/17, 29, 9, , 15, , 
2015/9/18, 25, 9, , 10, 1, 
2015/9/19, 29, 12, , 16, 1, 
2015/9/20, 33, 16, , 16, 1, 
2015/9/21, 45, 6, , 9, , 
2015/9/22, 18, 10, , 13, 1, 
2015/9/23, 27, 10, , 15, 1, 
2015/9/24, 29, 15, , 17, 1, 
2015/9/25, 38, 16, , 10, 1, 
2015/9/26, 41, 13, , 5, 1, 
2015/9/27, 39, 10, , 8, , 
2015/9/28, 31, 13, , 7, , 
2015/9/29, 28, 15, , 9, 1, 
2015/9/30, 37, 16, , 9, , 
2015/4/1, 32, 9, , 15, , 
2015/4/2, 31, 15, , 21, , 
2015/4/3, 55, 13, , 13, , 
2015/4/4, 51, 16, , 9, 1, 
2015/4/5, 54, 20, , 11, 2, 
2015/4/6, 67, 22, , 16, 2, 
2015/4/7, 77, 35, , 25, 5, 
2015/4/8, 92, 35, , 28, 2, 
2015/4/9, 90, 26, , 22, 1, 
2015/4/10, 61, 12, , 8, , 
2015/4/11, 34, 14, , 16, , 
2015/4/12, 51, 16, , 23, 1, 
2015/4/13, 44, 16, , 23, , 
2015/4/14, 43, 17, , 22, , 
2015/4/15, 43, 27, , 29, 1, 
2015/4/16, 59, 32, , 21, 1, 
2015/4/17, 67, 16, , 4, , 
2015/4/18, 42, 13, , 6, 1, 
2015/4/19, 46, 21, , 13, 1, 
2015/4/20, 59, 32, , 16, 3, 
2015/4/21, 75, 29, , 12, 2, 
2015/4/22, 65, 29, , 18, 3, 
2015/4/23, 70, 29, , 21, 1, 
2015/4/24, 70, 13, , 10, , 
2015/4/25, 41, 10, , 11, , 
2015/4/26, 36, 10, , 7, , 
2015/4/27, 42, , , 11, , 
2015/4/29, 21, 2, , 16, , 
2015/4/30, 28, 3, , 5, , 
2015/5/1, 24, 7, , 7, , 
2015/5/2, 37, 2, , 4, , 
2015/5/3, 15, 8, , 11, , 
2015/5/4, 27, 11, , 7, , 
2015/5/5, 29, 10, , 8, , 
2015/5/6, 25, 12, , 11, , 
2015/5/7, 33, 13, , 9, 1, 
2015/5/8, 45, 9, , 6, , 
2015/5/9, 28, 11, , 6, 1, 
2015/5/10, 36, 14, , 15, , 
2015/5/11, 43, 15, , 13, , 
2015/5/12, 43, 12, , 10, , 
2015/5/13, 30, 11, , 6, , 
2015/5/14, 36, 16, , 9, , 
2015/5/15, 45, 13, , 9, 1, 
2015/5/16, 42, 16, , 6, , 
2015/5/17, 45, 15, , 11, 1, 
2015/5/18, 37, 10, , 9, , 
2015/5/19, 25, 8, , 9, , 
2015/5/20, 19, 15, , 13, 1, 
2015/5/21, 41, 20, , 13, 1, 
2015/5/22, 52, 11, , 7, , 
2015/5/23, 37, 17, , 7, 1, 
2015/5/24, 51, 8, , 4, , 
2015/5/25, 34, 15, , 9, , 
2015/5/26, 44, 19, , 16, 1, 
2015/5/27, 52, 12, , 14, , 
2015/5/28, 36, 12, , 7, , 
2015/5/29, 36, 8, , 5, , 
2015/5/30, 25, 8, , 4, , 
2015/5/31, 29, 14, , 6, , 
2015/6/1, 31, 14, , 5, , 
2015/6/2, 30, 14, , 7, , 
2015/6/3, 37, 18, , 8, 1, 
2015/6/4, 45, 19, , 12, 1, 
2015/6/5, 51, 11, , 5, 1, 
2015/6/6, 29, 13, , 5, , 
2015/6/7, 33, 18, , 8, 1, 
2015/6/8, 35, 20, , 6, 1, 
2015/6/9, 41, 17, , 5, , 
2015/6/10, 44, 17, , 8, , 
2015/6/11, 53, 14, , 9, , 
2015/6/12, 44, 14, , 6, 1, 
2015/6/13, 42, 11, , 5, , 
2015/6/14, 34, 23, , 10, 1, 
2015/6/15, 64, 24, , 10, 1, 
2015/6/16, 42, 23, , 11, 1, 
2015/6/17, 45, 8, , 6, , 
2015/6/18, 25, 19, , 10, 1, 
2015/6/19, 49, 15, , 8, 1, 
2015/6/20, 47, 8, , 2, , 
2015/6/21, 25, 14, , 7, , 
2015/6/22, 34, 10, , 8, , 
2015/6/23, 28, 15, , 13, 1, 
2015/6/24, 46, 16, , 20, 1, 
2015/6/25, 46, 18, , 19, 1, 
2015/6/26, 48, 10, , 4, 1, 
2015/6/27, 37, 11, , 4, , 
2015/6/28, 34, 12, , 9, , 
2015/6/29, 37, 16, , 9, 1, 
2015/6/30, 36, 21, , 10, 1, 
2015/1/1, 120, 27, , 23, 1, 
2015/1/2, 75, 11, , 12, , 
2015/1/3, 45, 16, , 15, 1, 
2015/1/4, 53, 28, , 21, , 
2015/1/5, 89, 20, , 16, , 
2015/1/6, 67, 16, , 20, , 
2015/1/7, 60, 15, , 16, , 
2015/1/8, 42, 8, , 12, , 
2015/1/9, 18, 6, , 6, , 
2015/1/10, 15, 13, , 6, , 
2015/1/11, 26, 13, , 10, , 
2015/1/12, 30, 11, , 13, , 
2015/1/13, 34, 8, , 14, , 
2015/1/14, 21, 9, , 10, , 
2015/1/15, 24, 12, , 20, , 
2015/1/16, 32, 21, , 19, 1, 
2015/1/17, 64, 16, , 13, 1, 
2015/1/18, 56, 20, , 23, 2, 
2015/1/19, 62, 33, , 25, 1, 
2015/1/20, 91, 22, , 16, 1, 
2015/1/21, 68, 45, , 24, 4, 
2015/1/22, 121, 45, , 22, 3, 
2015/1/23, 120, 22, , 17, 1, 
2015/1/24, 58, 31, , 26, 1, 
2015/1/25, 67, 13, , 16, , 
2015/1/26, 41, 24, , 25, 2, 
2015/1/27, 50, 14, , 15, , 
2015/1/28, 45, 8, , 15, , 
2015/1/29, 37, 11, , 21, 1, 
2015/1/30, 41, 9, , 12, , 
2015/1/31, 39, 8, , 8, , 
2015/2/1, 37, 18, , 20, 1, 
2015/2/2, 48, 22, , 26, 2, 
2015/2/3, 65, 22, , 19, 2, 
2015/2/4, 61, 20, , 14, 1, 
2015/2/5, 63, 29, , 14, 2, 
2015/2/6, 83, 29, , 16, 2, 
2015/2/7, 90, 24, , 11, 1, 
2015/2/8, 51, 35, , 26, 2, 
2015/2/9, 76, 19, , 15, 3, 
2015/2/10, 63, 30, , 17, 1, 
2015/2/11, 90, 60, , 33, 2, 
2015/2/12, 152, 36, , 17, 1, 
2015/2/13, 95, 8, , 13, , 
2015/2/14, 33, 14, , 14, 1, 
2015/2/15, 50, 30, , 25, 1, 
2015/2/16, 88, 19, , 17, 1, 
2015/2/17, 60, 38, , 26, 4, 
2015/2/18, 95, 35, , 18, 1, 
2015/2/19, 104, 12, , 10, , 
2015/2/20, 48, 10, , 15, 1, 
2015/2/21, 37, 11, , 12, 1, 
2015/2/22, 43, 8, , 11, , 
2015/2/23, 23, 13, , 20, 1, 
2015/2/24, 33, 17, , 26, 1, 
2015/2/25, 53, 13, , 19, 1, 
2015/2/26, 44, 15, , 17, 1, 
2015/2/27, 39, 16, , 15, 1, 
2015/2/28, 49, 10, , 6, , 
2015/3/1, 27, 11, , 11, 1, 
2015/3/2, 27, 14, , 17, 1, 
2015/3/3, 36, 14, , 16, 1, 
2015/3/4, 36, 27, , 25, 3, 
2015/3/5, 59, 40, , 36, 3, 
2015/3/6, 87, 42, , 29, 1, 
2015/3/7, 105, 36, , 22, 1, 
2015/3/8, 99, 25, , 17, 1, 
2015/3/9, 70, 30, , 24, 1, 
2015/3/10, 77, 37, , 15, 2, 
2015/3/11, 89, 22, , 14, 1, 
2015/3/12, 62, 26, , 17, 1, 
2015/3/13, 72, 33, , 13, 1, 
2015/3/14, 92, 35, , 11, 1, 
2015/3/15, 106, 36, , 16, 2, 
2015/3/16, 101, 53, , 31, 8, 
2015/3/17, 136, 87, , 22, 2, 
2015/3/18, 157, 41, , 14, 1, 
2015/3/19, 110, 69, , 18, , 
2015/3/20, 162, 44, , 14, 1, 
2015/3/21, 109, 15, , 8, , 
2015/3/22, 53, 29, , 23, 3, 
2015/3/23, 79, 24, , 22, 1, 
2015/3/24, 72, 14, , 17, 1, 
2015/3/25, 54, 11, , 20, 1, 
2015/3/26, 56, 17, , 16, , 
2015/3/27, 42, 10, , 9, , 
2015/3/28, 31, 7, , 4, , 
2015/3/29, 18, 8, , 6, , 
2015/3/30, 18, 9, , 4, , 
2015/3/31, 28, 14, , 6, , 
2014/10/1, 54, 21, , 18, 9, 
2014/10/2, 49, 30, , 25, 3, 
2014/10/3, 63, 24, , 16, , 
2014/10/4, 56, 10, , 8, , 
2014/10/5, 21, 14, , 12, , 
2014/10/6, 36, 10, , 11, , 
2014/10/7, 20, 10, , 13, , 
2014/10/8, 22, 14, , 11, , 
2014/10/9, 31, 21, , 17, , 
2014/10/10, 50, 16, , 12, , 
2014/10/11, 43, 16, , 11, , 
2014/10/12, 45, 9, , 10, , 
2014/10/13, 18, 14, , 24, , 
2014/10/14, 35, 22, , 21, , 
2014/10/15, 57, 12, , 13, , 
2014/10/16, 24, 9, , 16, , 
2014/10/17, 22, 14, , 13, , 
2014/10/18, 34, 15, , 11, , 
2014/10/19, 42, 17, , 16, , 
2014/10/20, 36, 14, , 11, , 
2014/10/21, 28, 19, , 14, , 
2014/10/22, 35, 23, , 16, , 
2014/10/23, 43, 21, , 17, , 
2014/10/24, 45, 30, , 21, , 
2014/10/25, 74, 27, , 16, , 
2014/10/26, 72, 21, , 18, , 
2014/10/27, 61, 17, , 10, , 
2014/10/28, 54, 27, , 17, , 
2014/10/29, 68, 29, , 20, , 
2014/10/30, 72, 24, , 21, , 
2014/10/31, 59, 22, , 14, , 
2014/11/1, 58, 13, , 5, , 
2014/11/2, 36, 9, , 9, , 
2014/11/3, 14, 13, , 21, , 
2014/11/4, 29, 13, , 18, , 
2014/11/5, 36, 21, , 20, 1, 
2014/11/6, 54, 9, , 11, , 
2014/11/7, 20, 15, , 11, , 
2014/11/8, 25, 12, , 11, , 
2014/11/9, 16, 16, , 17, , 
2014/11/10, 46, 16, , 13, , 
2014/11/11, 51, 13, , 18, , 
2014/11/12, 32, 13, , 15, , 
2014/11/13, 37, 13, , 17, , 
2014/11/14, 40, 14, , 14, , 
2014/11/15, 42, 8, , 11, , 
2014/11/16, 27, 11, , 20, , 
2014/11/17, 36, 16, , 18, , 
2014/11/18, 51, 19, , 16, , 
2014/11/19, 61, 19, , 13, , 
2014/11/20, 59, 28, , 13, 1, 
2014/11/21, 77, 29, , 15, , 
2014/11/22, 77, 30, , 14, , 
2014/11/23, 72, 12, , 12, 2, 
2014/11/24, 27, 25, , 14, 2, 
2014/11/25, 53, 20, , 13, 1, 
2014/11/26, 62, 16, , 15, , 
2014/11/27, 117, 16, , 14, , 
2014/11/28, 47, 30, , 11, 1, 
2014/11/29, 90, 31, , 14, 1, 
2014/11/30, 91, 19, , 14, , 
2014/12/1, 62, 19, , 17, 1, 
2014/12/2, 54, 29, , 17, 1, 
2014/12/3, 76, 27, , 13, 2, 
2014/12/4, 79, 24, , 13, 1, 
2014/12/5, 65, 23, , 21, 2, 
2014/12/6, 52, 19, , 19, 1, 
2014/12/7, 65, 13, , 23, 1, 
2014/12/8, 39, 22, , 25, 3, 
2014/12/9, 60, 12, , 19, , 
2014/12/10, 36, 12, , 16, , 
2014/12/11, 27, 7, , 12, , 
2014/12/12, 20, 5, , 21, 2, 
2014/12/13, 33, 21, , 26, 3, 
2014/12/14, 66, 18, , 19, 1, 
2014/12/15, 64, 17, , 23, 1, 
2014/12/16, 53, 7, , 17, 1, 
2014/12/17, 19, 5, , 12, 1, 
2014/12/18, 11, 8, , 13, , 
2014/12/19, 16, 10, , 12, , 
2014/12/20, 23, 9, , 12, 1, 
2014/12/21, 25, 9, , 13, 1, 
2014/12/22, 21, 9, , 15, 1, 
2014/12/23, 29, 16, , 12, 1, 
2014/12/24, 50, 14, , 14, 1, 
2014/12/25, 37, 25, , 22, 1, 
2014/12/26, 89, 13, , 5, 1, 
2014/12/27, 25, 16, , 11, 2, 
2014/12/28, 62, , , , , 
2014/7/1, 31, 17, , 14, , 
2014/7/2, 38, 19, , 20, 1, 
2014/7/3, 44, 19, , 19, , 
2014/7/4, 45, 10, , 4, , 
2014/7/5, 15, 7, , 6, , 
2014/7/6, 13, 16, , 17, 1, 
2014/7/7, 36, 11, , 14, , 
2014/7/8, 27, 15, , 11, 1, 
2014/7/9, 40, 12, , 10, 1, 
2014/7/10, 26, 13, , 13, 1, 
2014/7/11, 34, 15, , 8, 1, 
2014/7/12, 40, 12, , 5, 1, 
2014/7/13, 23, 15, , 7, 1, 
2014/7/14, 27, 21, , 17, 1, 
2014/7/15, 53, 22, , 14, 1, 
2014/7/16, 51, 24, , 12, 1, 
2014/7/17, 47, 30, , 15, 1, 
2014/7/18, 51, , , 11, 1, 
2014/7/20, 31, 18, , 7, 1, 
2014/7/21, 39, 22, , 11, 1, 
2014/7/22, 51, 35, , 13, 1, 
2014/7/23, 84, 29, , 16, 1, 
2014/7/24, 56, 26, , 14, 1, 
2014/7/25, 55, 22, , 8, 1, 
2014/7/26, 54, 22, , 8, 1, 
2014/7/27, 54, 20, , 9, 1, 
2014/7/28, 38, 16, , 10, 1, 
2014/7/29, 37, 18, , 12, 1, 
2014/7/30, 38, 19, , 14, 1, 
2014/7/31, 38, 22, , 13, 1, 
2014/8/1, 45, 15, , 9, , 
2014/8/2, 34, 8, , 7, , 
2014/8/3, 16, 11, , 11, , 
2014/8/4, 25, 17, , 15, , 
2014/8/5, 34, 13, , 17, , 
2014/8/6, 35, 14, , 14, , 
2014/8/7, 33, 11, , 9, , 
2014/8/8, 23, 9, , 6, , 
2014/8/9, 18, 10, , 6, , 
2014/8/10, 19, 10, , 9, , 
2014/8/11, 13, 9, , 10, , 
2014/8/12, 15, 10, , 12, , 
2014/8/13, 19, 9, , 10, , 
2014/8/14, 14, 9, , 4, , 
2014/8/15, 17, 12, , 7, , 
2014/8/16, 30, 8, , 4, , 
2014/8/17, 16, 9, , 6, , 
2014/8/18, 14, 10, , 8, , 
2014/8/19, 18, 10, , 11, , 
2014/8/20, 20, 11, , 18, , 
2014/8/21, 27, 9, , 12, , 
2014/8/22, 18, 7, , 5, , 
2014/8/23, 16, 7, , 8, , 
2014/8/24, 18, 9, , 14, , 
2014/8/25, 27, 6, , 11, , 
2014/8/26, 11, 9, , 11, , 
2014/8/27, 19, 10, , 13, , 
2014/8/28, 21, 12, , 13, , 
2014/8/29, 25, 11, , 10, , 
2014/8/30, 22, 11, , 5, 1, 
2014/8/31, 20, 17, , 16, , 
2014/9/1, 33, 18, , 16, , 
2014/9/2, 38, 16, , 10, , 
2014/9/3, 37, 24, , 14, , 
2014/9/4, 56, 31, , 18, , 
2014/9/5, 72, 38, , 16, , 
2014/9/6, 90, 33, , 15, , 
2014/9/7, 84, 33, , 14, , 
2014/9/8, 80, 37, , 15, 1, 
2014/9/9, 87, 27, , 11, 1, 
2014/9/10, 65, 28, , 13, 3, 
2014/9/11, 66, 22, , 14, 1, 
2014/9/12, 50, 28, , 10, , 
2014/9/13, 71, 24, , 5, , 
2014/9/14, 68, 24, , 15, 6, 
2014/9/15, 58, 26, , 25, 1, 
2014/9/16, 56, 22, , 14, , 
2014/9/17, 50, 16, , 17, , 
2014/9/18, 40, 15, , 15, , 
2014/9/19, 38, 16, , 15, , 
2014/9/20, 37, 18, , 11, 5, 
2014/9/21, 51, 28, , 13, 7, 
2014/9/22, 69, 39, , 14, 11, 
2014/9/23, 95, 40, , 17, 5, 
2014/9/24, 99, 18, , 19, , 
2014/9/25, 40, 25, , 25, , 
2014/9/26, 52, 16, , 11, , 
2014/9/27, 40, 13, , 9, , 
2014/9/28, 40, 17, , 16, , 
2014/9/29, 51, 22, , 24, , 
2014/9/30, 62, 23, , 23, , 
2014/4/1, 62, 31, , 20, 1, 
2014/4/2, 60, 36, , 18, , 
2014/4/3, 56, 23, , 18, , 
2014/4/4, 58, 17, , 17, , 
2014/4/5, 41, 8, , 7, , 
2014/4/6, 23, 12, , 10, , 
2014/4/7, 28, 11, , 9, , 
2014/4/8, 16, 22, , 24, , 
2014/4/9, 43, 31, , 24, 2, 
2014/4/10, 63, 39, , 17, , 
2014/4/11, 87, 35, , 15, 1, 
2014/4/12, 85, 14, , 8, , 
2014/4/13, 37, 19, , 12, 1, 
2014/4/14, 40, 18, , 11, 2, 
2014/4/15, 35, 22, , 11, 1, 
2014/4/16, 51, 18, , 15, , 
2014/4/17, 41, 28, , 10, , 
2014/4/18, 45, 17, , 10, , 
2014/4/19, 41, 16, , 11, , 
2014/4/20, 44, 14, , 17, , 
2014/4/21, 39, 16, , 24, , 
2014/4/22, 44, 16, , 16, 1, 
2014/4/23, 45, 27, , 19, 5, 
2014/4/24, 69, 24, , 16, , 
2014/4/25, 69, 10, , 12, , 
2014/4/26, 30, 7, , 6, , 
2014/4/27, 13, 7, , 15, , 
2014/4/28, 20, 15, , 20, , 
2014/4/29, 46, 20, , 22, 1, 
2014/4/30, 62, 11, , 12, , 
2014/5/1, 38, 20, , 11, 1, 
2014/5/2, 52, 15, , 9, , 
2014/5/3, 40, 20, , 11, , 
2014/5/4, 61, 20, , 19, 1, 
2014/5/5, 54, 13, , 14, , 
2014/5/6, 33, 9, , 12, , 
2014/5/7, 19, 8, , 6, , 
2014/5/8, 20, 7, , 8, , 
2014/5/9, 14, 9, , 7, , 
2014/5/10, 22, 7, , 4, , 
2014/5/11, 12, 7, , 8, , 
2014/5/12, 12, 9, , 12, , 
2014/5/13, 14, 12, , 14, , 
2014/5/14, 29, 15, , 10, , 
2014/5/15, 34, 18, , 11, , 
2014/5/16, 44, 21, , 13, 1, 
2014/5/17, 56, 19, , 11, 1, 
2014/5/18, 49, 14, , 11, , 
2014/5/19, 34, 10, , 14, , 
2014/5/20, 21, 14, , 17, 1, 
2014/5/21, 36, 7, , 10, , 
2014/5/22, 16, 9, , 9, , 
2014/5/23, 19, 7, , 6, , 
2014/5/24, 13, 9, , 7, , 
2014/5/25, 22, 14, , 19, 2, 
2014/5/26, 40, , , 9, , 
2014/5/28, 18, 11, , 9, , 
2014/5/29, 35, 16, , 16, , 
2014/5/30, 45, 25, , 11, 1, 
2014/5/31, 66, 18, , 10, 1, 
2014/6/1, 52, 24, , 16, 1, 
2014/6/2, 60, 15, , 19, 1, 
2014/6/3, 37, 7, , 11, , 
2014/6/4, 14, 12, , 14, , 
2014/6/5, 22, 16, , 12, 1, 
2014/6/6, 35, 19, , 10, 1, 
2014/6/7, 47, 14, , 9, , 
2014/6/8, 45, 13, , 12, , 
2014/6/9, 37, 19, , 23, 1, 
2014/6/10, 50, 16, , 11, 1, 
2014/6/11, 37, 18, , 11, 1, 
2014/6/12, 38, 27, , 14, 1, 
2014/6/13, 61, 17, , 8, 1, 
2014/6/14, 39, 17, , 5, 1, 
2014/6/15, 37, 17, , 9, 1, 
2014/6/16, 34, 20, , 9, 1, 
2014/6/17, 36, 24, , 10, 1, 
2014/6/18, 45, 16, , 11, 1, 
2014/6/19, 42, 17, , 9, 1, 
2014/6/20, 36, 13, , 6, 1, 
2014/6/21, 29, 16, , 6, 1, 
2014/6/22, 45, 14, , 9, 6, 
2014/6/23, 26, 19, , 12, 2, 
2014/6/24, 44, 17, , 11, 1, 
2014/6/25, 40, 18, , 16, 1, 
2014/6/26, 40, 19, , 13, , 
2014/6/27, 37, 12, , 13, , 
2014/6/28, 31, 8, , 7, , 
2014/6/29, 19, 13, , 15, , 
2014/6/30, 29, 16, , 12, 2, 
2014/1/1, 19, 10, , 12, , 
2014/1/2, 20, 16, , 8, , 
2014/1/3, 30, 12, , 9, , 
2014/1/4, 26, 9, , 7, , 
2014/1/5, 18, 7, , 8, , 
2014/1/6, 16, 11, , 15, , 
2014/1/7, 25, 16, , 21, , 
2014/1/8, 42, 11, , 16, , 
2014/1/9, 29, 15, , 18, , 
2014/1/10, 42, 30, , 25, , 
2014/1/11, 80, 23, , 15, , 
2014/1/12, 71, 14, , 20, , 
2014/1/13, 39, 13, , 20, , 
2014/1/14, 30, 9, , 16, , 
2014/1/15, 28, 6, , 13, , 
2014/1/16, 11, 8, , 15, , 
2014/1/17, 19, 17, , 19, , 
2014/1/18, 53, 16, , 20, , 
2014/1/19, 46, 24, , 31, , 
2014/1/20, 60, 12, , 16, , 
2014/1/21, 36, 15, , 18, , 
2014/1/22, 47, 15, , 18, , 
2014/1/23, 36, 18, , 24, , 
2014/1/24, 44, 14, , 13, , 
2014/1/25, 35, 17, , 11, , 
2014/1/26, 29, 12, , 15, , 
2014/1/27, 21, 9, , 13, , 
2014/1/28, 21, 13, , 20, , 
2014/1/29, 39, 20, , 23, , 
2014/1/30, 57, 18, , 17, , 
2014/1/31, 50, 10, , 13, , 
2014/2/1, 21, 16, , 15, , 
2014/2/2, 34, 19, , 19, , 
2014/2/3, 45, 10, , 14, , 
2014/2/4, 18, 9, , 9, , 
2014/2/5, 13, 12, , 15, , 
2014/2/6, 22, 10, , 9, , 
2014/2/7, 21, 7, , 5, , 
2014/2/8, 15, 8, , 6, , 
2014/2/9, 27, 15, , 16, 1, 
2014/2/10, 38, 13, , 16, , 
2014/2/11, 36, 12, , 15, , 
2014/2/12, 29, 10, , 15, , 
2014/2/13, 19, 9, , 16, , 
2014/2/14, 22, 12, , 6, , 
2014/2/15, 15, 11, , 8, , 
2014/2/16, 16, 16, , 21, , 
2014/2/17, 51, 22, , 23, , 
2014/2/18, 61, 15, , 22, , 
2014/2/19, 32, 8, , 13, , 
2014/2/20, 18, 10, , 12, , 
2014/2/21, 14, 13, , 17, , 
2014/2/22, 33, 14, , 11, , 
2014/2/23, 35, 17, , 21, , 
2014/2/24, 45, 9, , 12, , 
2014/2/25, 21, 19, , 21, , 
2014/2/26, 37, 11, , 19, , 
2014/2/27, 27, 12, , 20, , 
2014/2/28, 27, 25, , 21, , 
2014/3/1, 55, 29, , 18, , 
2014/3/2, 72, 9, , 15, 2, 
2014/3/3, 17, 24, , 23, 1, 
2014/3/4, 52, 35, , 32, 2, 
2014/3/5, 66, 47, , 31, 2, 
2014/3/6, 94, 49, , 33, 1, 
2014/3/7, 110, 48, , 19, 1, 
2014/3/8, 120, 34, , 19, 1, 
2014/3/9, 88, 55, , 33, 2, 
2014/3/10, 119, 68, , 21, 2, 
2014/3/11, 159, 67, , 30, 2, 
2014/3/12, 149, 74, , 48, 2, 
2014/3/13, 157, 84, , 39, 2, 
2014/3/14, 170, 46, , 11, 1, 
2014/3/15, 102, 18, , 9, , 
2014/3/16, 43, 23, , 20, 1, 
2014/3/17, 55, 28, , 15, 1, 
2014/3/18, 61, 24, , 18, 1, 
2014/3/19, 41, 27, , 17, 1, 
2014/3/20, 51, 15, , 13, , 
2014/3/21, 36, 8, , 8, , 
2014/3/22, 11, 8, , 7, 1, 
2014/3/23, 15, 21, , 24, 2, 
2014/3/24, 49, 15, , 21, 1, 
2014/3/25, 43, 28, , 20, 2, 
2014/3/26, 72, 31, , 24, 1, 
2014/3/27, 81, 37, , 22, 1, 
2014/3/28, 94, 26, , 13, 1, 
2014/3/29, 70, 30, , 20, 1, 
2014/3/30, 69, 33, , 25, 1, 
2014/3/31, 65, 35, , 22, 1, 
2020/9/8, , 24, 30, 10, , 
2020/4/22, , 24, 58, 13, 2, 
2019/12/31, , 23, 3, 12, , 
2019/7/25, , 27, 39, , 2, 
2019/4/4, , 16, 36, 12, , 
2018/12/31, , 13, 22, 10, 1, 
2019/1/9, , 20, 18, 20, 1, 
2019/1/30, , 9, 20, 15, , 
2018/9/20, , 15, 27, 8, , 
2017/10/17, , 26, 17, 18, 1, 
2017/1/15, , 33, , 14, 1, 
2016/7/21, , 16, , 10, 1, 
2016/6/23, , 8, , 9, 1, 
2016/6/24, , 9, , 6, , 
2016/6/25, , 7, , 5, , 
2016/6/26, , 6, , 11, 1, 
2016/6/27, , 9, , 9, 1, 
2016/6/28, , 8, , 5, , 
2016/1/1, , 14, , 8, , 
2015/8/15, , 11, , 9, , 
2015/8/18, , 11, , 5, , 
2015/4/28, , 5, , 14, 1, 
2014/12/31, , 48, , 24, 2, 
2014/7/19, , 12, , 6, 1, 
2014/5/27, , 7, , 11, , 
2013/12/31, , 7, , 5, , 
2020/4/21, , , 45, 6, 4, 
2016/7/20, , , , 8, 1, 
2015/8/17, , , , 14, 1, 